,drug_id,price
0,0_test,15.447924
1,1_test,5.2171307
2,2_test,18.927843
3,3_test,39.497448
4,4_test,131.03275
5,5_test,15.264672
6,6_test,26.200924
7,7_test,457.77017
8,8_test,26.098045
9,9_test,10.3834
10,10_test,9.009172
11,11_test,13.137817
12,12_test,18.927843
13,13_test,11.272318
14,14_test,18.927843
15,15_test,164.10529
16,16_test,4.8658104
17,17_test,10.3834
18,18_test,11.094296
19,19_test,11.094296
20,20_test,59.409252
21,21_test,10.137328
22,22_test,35.62466
23,23_test,10.3834
24,24_test,9.966141
25,25_test,14.666825
26,26_test,16.847658
27,27_test,15.049191
28,28_test,23.180027
29,29_test,11.155659
30,30_test,10.3834
31,31_test,15.447924
32,32_test,10.677037
33,33_test,10.3834
34,34_test,15.447924
35,35_test,10.3834
36,36_test,44.611618
37,37_test,10.3834
38,38_test,10.3834
39,39_test,88.032646
40,40_test,9.966141
41,41_test,23.180027
42,42_test,32.85838
43,43_test,15.447924
44,44_test,9.041103
45,45_test,10.3834
46,46_test,17.555609
47,47_test,11.094296
48,48_test,13.225507
49,49_test,11.094296
50,50_test,14.666825
51,51_test,9.966141
52,52_test,14.073696
53,53_test,6.7202225
54,54_test,75.48383
55,55_test,9.426432
56,56_test,14.319442
57,57_test,14.666825
58,58_test,8.303214
59,59_test,22.816187
60,60_test,10.3834
61,61_test,166.71188
62,62_test,9.966141
63,63_test,9.009172
64,64_test,10.3834
65,65_test,10.137328
66,66_test,32.668697
67,67_test,32.668697
68,68_test,15.868936
69,69_test,9.426432
70,70_test,5.7632565
71,71_test,9.426432
72,72_test,9.966141
73,73_test,6.0568943
74,74_test,13.7615795
75,75_test,10.3834
76,76_test,10.3834
77,77_test,6.976409
78,78_test,9.426432
79,79_test,10.3834
80,80_test,63.04416
81,81_test,10.3834
82,82_test,14.490955
83,83_test,11.689577
84,84_test,10.3834
85,85_test,12.180849
86,86_test,14.666825
87,87_test,10.137328
88,88_test,14.895149
89,89_test,18.927843
90,90_test,18.927843
91,91_test,9.009172
92,92_test,58.467644
93,93_test,9.966141
94,94_test,12.211953
95,95_test,10.3834
96,96_test,336.6829
97,97_test,10.3834
98,98_test,8.724224
99,99_test,199.33932
100,100_test,5.756838
101,101_test,10.3834
102,102_test,102.94832
103,103_test,15.447924
104,104_test,9.426432
105,105_test,10.639585
106,106_test,9.426432
107,107_test,22.22306
108,108_test,6.1740966
109,109_test,18.927843
110,110_test,9.474642
111,111_test,15.030664
112,112_test,18.927843
113,113_test,9.426432
114,114_test,9.426432
115,115_test,18.927843
116,116_test,7.642967
117,117_test,5.6381426
118,118_test,9.966141
119,119_test,9.966141
120,120_test,18.927843
121,121_test,12.180849
122,122_test,32.039047
123,123_test,176.8404
124,124_test,15.030664
125,125_test,14.666825
126,126_test,16.105621
127,127_test,10.3834
128,128_test,22.816187
129,129_test,32.668697
130,130_test,17.970877
131,131_test,793.6235
132,132_test,11.689577
133,133_test,17.970877
134,134_test,18.927843
135,135_test,5.756838
136,136_test,8.724224
137,137_test,18.927843
138,138_test,7.642967
139,139_test,18.33511
140,140_test,10.3834
141,141_test,9.426432
142,142_test,10.3834
143,143_test,11.689577
144,144_test,9.426432
145,145_test,13.989231
146,146_test,17.970877
147,147_test,6.2084484
148,148_test,18.927843
149,149_test,15.447924
150,150_test,18.927843
151,151_test,18.927843
152,152_test,10.3834
153,153_test,27.15789
154,154_test,6.884995
155,155_test,18.33511
156,156_test,6.1740966
157,157_test,5.2171307
158,158_test,10.3834
159,159_test,15.447924
160,160_test,17.970877
161,161_test,9.633621
162,162_test,9.426432
163,163_test,10.865772
164,164_test,10.3834
165,165_test,29.45192
166,166_test,5.928029
167,167_test,6.5951085
168,168_test,30.68449
169,169_test,15.447924
170,170_test,10.3834
171,171_test,18.927843
172,172_test,18.927843
173,173_test,13.981048
174,174_test,10.3834
175,175_test,17.970877
176,176_test,9.009172
177,177_test,9.966141
178,178_test,18.927843
179,179_test,68.1573
180,180_test,18.927843
181,181_test,63.04416
182,182_test,12.211953
183,183_test,17.970877
184,184_test,124.19254
185,185_test,9.009172
186,186_test,9.966141
187,187_test,14.666825
188,188_test,5.7632565
189,189_test,49.093555
190,190_test,35.139217
191,191_test,8.402029
192,192_test,23.180027
193,193_test,9.966141
194,194_test,14.666825
195,195_test,13.137817
196,196_test,208.32993
197,197_test,10.3834
198,198_test,22.816187
199,199_test,24.241446
200,200_test,10.3834
201,201_test,39.53971
202,202_test,14.3541155
203,203_test,8.303214
204,204_test,9.966141
205,205_test,27.15789
206,206_test,14.666825
207,207_test,36.20759
208,208_test,10.3834
209,209_test,37.232464
210,210_test,10.3834
211,211_test,10.3834
212,212_test,22.22306
213,213_test,40.48888
214,214_test,22.22306
215,215_test,24.253483
216,216_test,11.155659
217,217_test,6.1740966
218,218_test,87.72762
219,219_test,-5.3568277
220,220_test,6.1740966
221,221_test,7.4311204
222,222_test,26.098045
223,223_test,14.073696
224,224_test,9.426432
225,225_test,15.0840845
226,226_test,24.2761
227,227_test,21.544626
228,228_test,11.094296
229,229_test,31.305248
230,230_test,15.868936
231,231_test,9.426432
232,232_test,9.909762
233,233_test,35.82732
234,234_test,9.966141
235,235_test,9.22348
236,236_test,15.030664
237,237_test,9.009172
238,238_test,4.2227798
239,239_test,9.009172
240,240_test,50.519844
241,241_test,22.22306
242,242_test,13.350607
243,243_test,13.137817
244,244_test,22.816187
245,245_test,4.482882
246,246_test,9.966141
247,247_test,17.82604
248,248_test,14.666825
249,249_test,20.795889
250,250_test,9.426432
251,251_test,9.009172
252,252_test,37.698116
253,253_test,40.48888
254,254_test,136.89018
255,255_test,15.0840845
256,256_test,9.430182
257,257_test,44.910873
258,258_test,15.0840845
259,259_test,10.639585
260,260_test,22.816187
261,261_test,9.966141
262,262_test,15.447924
263,263_test,3.6766539
264,264_test,169.28267
265,265_test,10.3834
266,266_test,35.86901
267,267_test,8.599936
268,268_test,9.966141
269,269_test,5.756838
270,270_test,15.447924
271,271_test,10.80441
272,272_test,12.180849
273,273_test,9.966141
274,274_test,50.563236
275,275_test,17.914099
276,276_test,17.555609
277,277_test,144.1264
278,278_test,21.917385
279,279_test,10.214144
280,280_test,12.180849
281,281_test,5.7632565
282,282_test,139.57875
283,283_test,10.3834
284,284_test,9.966141
285,285_test,10.3834
286,286_test,57.005512
287,287_test,222.28264
288,288_test,17.970877
289,289_test,35.82732
290,290_test,9.426432
291,291_test,10.3834
292,292_test,12.180849
293,293_test,69.89374
294,294_test,26.200924
295,295_test,6.1740966
296,296_test,17.970877
297,297_test,75.48383
298,298_test,10.3834
299,299_test,9.426432
300,300_test,18.927843
301,301_test,50.829193
302,302_test,4.799872
303,303_test,119.59414
304,304_test,15.057377
305,305_test,38.54179
306,306_test,221.35306
307,307_test,9.966141
308,308_test,9.009172
309,309_test,53.10764
310,310_test,18.927843
311,311_test,22.816187
312,312_test,7.8859553
313,313_test,13.981048
314,314_test,14.490955
315,315_test,9.114786
316,316_test,35.82732
317,317_test,39.535667
318,318_test,9.009172
319,319_test,10.80441
320,320_test,9.009172
321,321_test,15.447924
322,322_test,10.3834
323,323_test,10.3834
324,324_test,6.1740966
325,325_test,7.97155
326,326_test,12.211953
327,327_test,17.48747
328,328_test,10.3834
329,329_test,44.635387
330,330_test,9.966141
331,331_test,10.3834
332,332_test,84.313
333,333_test,31.082085
334,334_test,18.927843
335,335_test,24.241446
336,336_test,18.927843
337,337_test,57.254147
338,338_test,18.927843
339,339_test,11.094296
340,340_test,13.137817
341,341_test,18.927843
342,342_test,15.447924
343,343_test,132.27107
344,344_test,26.098045
345,345_test,8.724224
346,346_test,9.426432
347,347_test,18.927843
348,348_test,9.966141
349,349_test,10.639585
350,350_test,17.555609
351,351_test,23.180027
352,352_test,22.816187
353,353_test,6.7202225
354,354_test,18.927843
355,355_test,9.966141
356,356_test,39.49216
357,357_test,18.331358
358,358_test,14.529905
359,359_test,9.426432
360,360_test,350.6109
361,361_test,9.009172
362,362_test,9.009172
363,363_test,10.3834
364,364_test,13.738378
365,365_test,9.426432
366,366_test,10.3834
367,367_test,10.3834
368,368_test,10.3834
369,369_test,133.03879
370,370_test,9.966141
371,371_test,9.966141
372,372_test,20.795889
373,373_test,18.927843
374,374_test,10.137328
375,375_test,18.927843
376,376_test,18.927843
377,377_test,5.0610485
378,378_test,10.3834
379,379_test,39.535667
380,380_test,9.966141
381,381_test,18.927843
382,382_test,10.3834
383,383_test,33.085957
384,384_test,11.689577
385,385_test,211.63441
386,386_test,8.5176735
387,387_test,9.009172
388,388_test,-0.30045596
389,389_test,94.98261
390,390_test,12.180849
391,391_test,20.890526
392,392_test,10.108843
393,393_test,22.816187
394,394_test,15.0840845
395,395_test,18.927843
396,396_test,18.927843
397,397_test,10.3834
398,398_test,13.137817
399,399_test,14.073696
400,400_test,31.74891
401,401_test,38.535194
402,402_test,8.189946
403,403_test,9.966141
404,404_test,13.137817
405,405_test,10.639585
406,406_test,13.137817
407,407_test,10.639585
408,408_test,17.27964
409,409_test,9.426432
410,410_test,13.769814
411,411_test,10.3834
412,412_test,13.350607
413,413_test,14.666825
414,414_test,493.17368
415,415_test,10.137328
416,416_test,10.3834
417,417_test,9.009172
418,418_test,10.3834
419,419_test,9.009172
420,420_test,23.180027
421,421_test,69.89374
422,422_test,543.4957
423,423_test,9.426432
424,424_test,238.09436
425,425_test,9.009172
426,426_test,9.426432
427,427_test,11.094296
428,428_test,315.4669
429,429_test,57.04597
430,430_test,11.91389
431,431_test,21.917385
432,432_test,18.927843
433,433_test,22.816187
434,434_test,456.11642
435,435_test,14.490955
436,436_test,69.89374
437,437_test,14.490955
438,438_test,17.970877
439,439_test,19.583399
440,440_test,9.184755
441,441_test,40.48888
442,442_test,56.84774
443,443_test,10.3834
444,444_test,14.555117
445,445_test,14.666825
446,446_test,9.009172
447,447_test,14.073696
448,448_test,22.22306
449,449_test,18.927843
450,450_test,5.2171307
451,451_test,16.598642
452,452_test,9.426432
453,453_test,9.966141
454,454_test,388.57806
455,455_test,34.94414
456,456_test,5.2171307
457,457_test,10.80441
458,458_test,17.970877
459,459_test,10.639585
460,460_test,27.15789
461,461_test,18.927843
462,462_test,9.966141
463,463_test,58.467644
464,464_test,10.3834
465,465_test,9.426432
466,466_test,15.447924
467,467_test,10.4177475
468,468_test,9.966141
469,469_test,29.168304
470,470_test,5.7632565
471,471_test,9.426432
472,472_test,38.016407
473,473_test,12.658791
474,474_test,75.88641
475,475_test,9.966141
476,476_test,29.871975
477,477_test,47.070732
478,478_test,14.911967
479,479_test,18.927843
480,480_test,18.927843
481,481_test,53.622772
482,482_test,11.094296
483,483_test,9.009172
484,484_test,10.3834
485,485_test,10.3834
486,486_test,26.200924
487,487_test,5.350935
488,488_test,45.92868
489,489_test,7.8859553
490,490_test,13.350607
491,491_test,9.009172
492,492_test,18.927843
493,493_test,9.426432
494,494_test,14.98503
495,495_test,9.966141
496,496_test,5.0610485
497,497_test,15.447924
498,498_test,9.847442
499,499_test,15.512085
500,500_test,9.426432
501,501_test,10.80441
502,502_test,18.927843
503,503_test,36.703327
504,504_test,15.0840845
505,505_test,9.009172
506,506_test,7.8859553
507,507_test,9.966141
508,508_test,23.180027
509,509_test,14.666825
510,510_test,14.666825
511,511_test,163.312
512,512_test,15.447924
513,513_test,18.927843
514,514_test,232.48169
515,515_test,15.0840845
516,516_test,15.0840845
517,517_test,15.9419985
518,518_test,11.909045
519,519_test,26.200924
520,520_test,17.970877
521,521_test,46.95439
522,522_test,14.307704
523,523_test,22.816187
524,524_test,27.15789
525,525_test,21.157635
526,526_test,22.816187
527,527_test,23.180027
528,528_test,18.927843
529,529_test,16.659815
530,530_test,9.966141
531,531_test,15.447924
532,532_test,56.521576
533,533_test,4.5149245
534,534_test,9.966141
535,535_test,15.0840845
536,536_test,18.927843
537,537_test,18.927843
538,538_test,14.666825
539,539_test,6.1017027
540,540_test,14.666825
541,541_test,14.666825
542,542_test,12.180849
543,543_test,11.094296
544,544_test,6.5951085
545,545_test,16.738441
546,546_test,29.871975
547,547_test,141.59827
548,548_test,10.3834
549,549_test,12.180849
550,550_test,10.3834
551,551_test,18.783007
552,552_test,23.180027
553,553_test,25.11437
554,554_test,17.970877
555,555_test,6.3029637
556,556_test,68.2328
557,557_test,9.966141
558,558_test,13.981048
559,559_test,6.7202225
560,560_test,18.752369
561,561_test,14.666825
562,562_test,22.816187
563,563_test,10.3834
564,564_test,15.0840845
565,565_test,10.3834
566,566_test,20.069073
567,567_test,13.431899
568,568_test,4.5149245
569,569_test,29.431309
570,570_test,174.65678
571,571_test,15.030664
572,572_test,283.61832
573,573_test,10.3834
574,574_test,18.927843
575,575_test,15.447924
576,576_test,10.639585
577,577_test,9.966141
578,578_test,14.666825
579,579_test,19.225431
580,580_test,62.398876
581,581_test,14.666825
582,582_test,12.211953
583,583_test,22.816187
584,584_test,145.09622
585,585_test,6.463984
586,586_test,22.816187
587,587_test,50.486137
588,588_test,9.426432
589,589_test,10.3834
590,590_test,8.819288
591,591_test,10.639585
592,592_test,22.407562
593,593_test,9.474642
594,594_test,11.393576
595,595_test,9.966141
596,596_test,9.426432
597,597_test,18.752369
598,598_test,9.009172
599,599_test,9.966141
600,600_test,211.13573
601,601_test,22.350018
602,602_test,-0.30045596
603,603_test,22.816187
604,604_test,14.3541155
605,605_test,17.970877
606,606_test,12.180849
607,607_test,18.927843
608,608_test,15.447924
609,609_test,9.426432
610,610_test,9.966141
611,611_test,10.639585
612,612_test,9.009172
613,613_test,23.952208
614,614_test,18.927843
615,615_test,15.868936
616,616_test,14.529905
617,617_test,13.137817
618,618_test,23.180027
619,619_test,33.10762
620,620_test,9.966141
621,621_test,18.784107
622,622_test,14.666825
623,623_test,9.426432
624,624_test,13.137817
625,625_test,22.816187
626,626_test,18.927843
627,627_test,38.29908
628,628_test,18.927843
629,629_test,9.966141
630,630_test,10.3834
631,631_test,9.966141
632,632_test,11.508307
633,633_test,22.22306
634,634_test,49.59011
635,635_test,10.137328
636,636_test,18.927843
637,637_test,18.927843
638,638_test,58.22081
639,639_test,9.966141
640,640_test,15.4882765
641,641_test,18.927843
642,642_test,11.094296
643,643_test,17.928919
644,644_test,18.927843
645,645_test,293.225
646,646_test,12.12779
647,647_test,9.966141
648,648_test,12.180849
649,649_test,9.966141
650,650_test,9.716318
651,651_test,9.966141
652,652_test,25.11437
653,653_test,12.658791
654,654_test,10.3834
655,655_test,35.82732
656,656_test,28.369434
657,657_test,23.180027
658,658_test,23.180027
659,659_test,14.666825
660,660_test,45.92868
661,661_test,10.3834
662,662_test,18.927843
663,663_test,14.490955
664,664_test,5.2171307
665,665_test,10.3834
666,666_test,9.009172
667,667_test,9.009172
668,668_test,18.927843
669,669_test,15.030664
670,670_test,8.724224
671,671_test,167.63556
672,672_test,14.666825
673,673_test,9.966141
674,674_test,8.599936
675,675_test,26.200924
676,676_test,13.137817
677,677_test,9.009172
678,678_test,9.426432
679,679_test,9.847442
680,680_test,9.426432
681,681_test,22.816187
682,682_test,13.184486
683,683_test,14.073696
684,684_test,17.970877
685,685_test,10.3834
686,686_test,8.724224
687,687_test,21.157635
688,688_test,9.426432
689,689_test,10.3834
690,690_test,10.3834
691,691_test,10.3834
692,692_test,9.426432
693,693_test,22.816187
694,694_test,6.5951085
695,695_test,15.030664
696,696_test,15.030664
697,697_test,10.3834
698,698_test,23.180027
699,699_test,33.44014
700,700_test,59.82651
701,701_test,70.38781
702,702_test,4.6400385
703,703_test,40.48888
704,704_test,9.966141
705,705_test,14.666825
706,706_test,6.5951085
707,707_test,15.447924
708,708_test,15.257181
709,709_test,22.816187
710,710_test,4.0939126
711,711_test,16.598642
712,712_test,6.1740966
713,713_test,9.009172
714,714_test,34.94414
715,715_test,6.5951085
716,716_test,31.082085
717,717_test,49.093555
718,718_test,5.6381426
719,719_test,4.804811
720,720_test,4.5149245
721,721_test,6.5951085
722,722_test,19.823656
723,723_test,10.3834
724,724_test,22.816187
725,725_test,40.165604
726,726_test,18.927843
727,727_test,23.180027
728,728_test,18.927843
729,729_test,9.009172
730,730_test,15.512085
731,731_test,26.200924
732,732_test,18.927843
733,733_test,22.816187
734,734_test,56.750378
735,735_test,6.5951085
736,736_test,10.3834
737,737_test,14.2838335
738,738_test,22.816187
739,739_test,4.5149245
740,740_test,24.241446
741,741_test,15.0840845
742,742_test,10.349698
743,743_test,9.966141
744,744_test,15.0840845
745,745_test,40.48888
746,746_test,22.816187
747,747_test,15.264672
748,748_test,18.927843
749,749_test,15.578159
750,750_test,10.3834
751,751_test,15.447924
752,752_test,12.180849
753,753_test,12.180849
754,754_test,9.633621
755,755_test,57.254147
756,756_test,9.966141
757,757_test,9.966141
758,758_test,8.303214
759,759_test,102.94832
760,760_test,23.180027
761,761_test,29.04979
762,762_test,14.666825
763,763_test,14.490955
764,764_test,14.666825
765,765_test,14.666825
766,766_test,9.966141
767,767_test,9.426432
768,768_test,8.819288
769,769_test,9.966141
770,770_test,6.7202225
771,771_test,15.0840845
772,772_test,6.3029637
773,773_test,40.165604
774,774_test,14.490955
775,775_test,35.82732
776,776_test,5.2171307
777,777_test,18.927843
778,778_test,14.666825
779,779_test,9.184755
780,780_test,9.426432
781,781_test,9.966141
782,782_test,6.797038
783,783_test,13.350607
784,784_test,9.426432
785,785_test,14.073696
786,786_test,10.3834
787,787_test,13.981048
788,788_test,10.137328
789,789_test,18.927843
790,790_test,18.927843
791,791_test,58.320713
792,792_test,8.5176735
793,793_test,13.137817
794,794_test,10.3834
795,795_test,9.426432
796,796_test,41.26712
797,797_test,18.927843
798,798_test,22.995127
799,799_test,10.3834
800,800_test,10.3834
801,801_test,125.893974
802,802_test,40.07162
803,803_test,18.927843
804,804_test,15.0840845
805,805_test,255.51997
806,806_test,10.3834
807,807_test,18.33511
808,808_test,18.927843
809,809_test,229.24294
810,810_test,10.3834
811,811_test,10.3834
812,812_test,15.505095
813,813_test,9.966141
814,814_test,15.0840845
815,815_test,5.756838
816,816_test,15.719891
817,817_test,8.210969
818,818_test,10.3834
819,819_test,276.51584
820,820_test,10.3834
821,821_test,10.3834
822,822_test,18.752369
823,823_test,15.447924
824,824_test,18.927843
825,825_test,10.3834
826,826_test,10.3834
827,827_test,10.3834
828,828_test,15.030042
829,829_test,10.3834
830,830_test,10.3834
831,831_test,18.927843
832,832_test,10.3834
833,833_test,22.816187
834,834_test,15.868936
835,835_test,59.98002
836,836_test,10.3834
837,837_test,6.7202225
838,838_test,18.927843
839,839_test,10.3834
840,840_test,22.816187
841,841_test,9.426432
842,842_test,41.77852
843,843_test,5.7632565
844,844_test,10.639585
845,845_test,18.927843
846,846_test,10.3834
847,847_test,9.426432
848,848_test,8.303214
849,849_test,18.927843
850,850_test,11.094296
851,851_test,10.3834
852,852_test,23.6741
853,853_test,14.666825
854,854_test,47.262253
855,855_test,38.54013
856,856_test,23.180027
857,857_test,13.137817
858,858_test,18.33511
859,859_test,94.07131
860,860_test,22.22306
861,861_test,9.966141
862,862_test,8.303214
863,863_test,22.816187
864,864_test,11.272318
865,865_test,22.256672
866,866_test,7.903898
867,867_test,12.180849
868,868_test,10.4177475
869,869_test,18.990273
870,870_test,174.23338
871,871_test,6.976409
872,872_test,18.927843
873,873_test,10.3834
874,874_test,9.966141
875,875_test,6.1740966
876,876_test,17.970877
877,877_test,16.847658
878,878_test,22.816187
879,879_test,9.966141
880,880_test,7.8859553
881,881_test,17.970877
882,882_test,13.981048
883,883_test,22.816187
884,884_test,8.303214
885,885_test,10.3834
886,886_test,11.689577
887,887_test,12.180849
888,888_test,60.63732
889,889_test,9.966141
890,890_test,14.666825
891,891_test,9.426432
892,892_test,9.009172
893,893_test,15.0840845
894,894_test,10.3834
895,895_test,15.0840845
896,896_test,9.966141
897,897_test,18.927843
898,898_test,14.666825
899,899_test,10.59059
900,900_test,9.966141
901,901_test,32.039047
902,902_test,18.927843
903,903_test,6.1740966
904,904_test,14.666825
905,905_test,31.305248
906,906_test,15.0840845
907,907_test,15.512085
908,908_test,8.5176735
909,909_test,12.211953
910,910_test,10.3834
911,911_test,9.426432
912,912_test,31.906965
913,913_test,24.696487
914,914_test,10.3834
915,915_test,19.638742
916,916_test,13.981048
917,917_test,8.402029
918,918_test,9.966141
919,919_test,10.639585
920,920_test,22.369207
921,921_test,10.3834
922,922_test,53.622772
923,923_test,10.3834
924,924_test,9.426432
925,925_test,114.83536
926,926_test,10.3834
927,927_test,11.094296
928,928_test,15.447924
929,929_test,8.5176735
930,930_test,8.5176735
931,931_test,9.240298
932,932_test,12.180849
933,933_test,15.0840845
934,934_test,5.2171307
935,935_test,92.98059
936,936_test,40.46511
937,937_test,14.490955
938,938_test,10.3834
939,939_test,17.970877
940,940_test,23.180027
941,941_test,18.927843
942,942_test,18.927843
943,943_test,9.966141
944,944_test,18.927843
945,945_test,9.633621
946,946_test,9.966141
947,947_test,9.830624
948,948_test,52.69038
949,949_test,10.3834
950,950_test,9.966141
951,951_test,56.84774
952,952_test,10.3834
953,953_test,104.2313
954,954_test,6.1842666
955,955_test,38.442787
956,956_test,17.970877
957,957_test,6.7202225
958,958_test,6.1740966
959,959_test,19.583399
960,960_test,15.030664
961,961_test,22.816187
962,962_test,18.927843
963,963_test,15.7071295
964,964_test,57.254147
965,965_test,18.927843
966,966_test,22.22306
967,967_test,15.868936
968,968_test,27.15789
969,969_test,9.426432
970,970_test,57.192287
971,971_test,10.3834
972,972_test,22.22306
973,973_test,5.7632565
974,974_test,70.70882
975,975_test,10.673286
976,976_test,9.009172
977,977_test,9.966141
978,978_test,12.180849
979,979_test,14.555117
980,980_test,8.236597
981,981_test,4.804811
982,982_test,9.966141
983,983_test,18.927843
984,984_test,15.0840845
985,985_test,173.17526
986,986_test,12.180849
987,987_test,10.3834
988,988_test,10.137328
989,989_test,9.706851
990,990_test,9.966141
991,991_test,119.726845
992,992_test,18.927843
993,993_test,14.490955
994,994_test,7.642967
995,995_test,16.598642
996,996_test,29.04979
997,997_test,12.61319
998,998_test,29.04979
999,999_test,9.009172
1000,1000_test,9.426432
1001,1001_test,18.927843
1002,1002_test,268.51837
1003,1003_test,10.80441
1004,1004_test,8.724224
1005,1005_test,15.0840845
1006,1006_test,6.7202225
1007,1007_test,4.5149245
1008,1008_test,15.0840845
1009,1009_test,9.966141
1010,1010_test,8.303214
1011,1011_test,10.3834
1012,1012_test,10.639585
1013,1013_test,33.68908
1014,1014_test,41.26712
1015,1015_test,22.816187
1016,1016_test,10.3834
1017,1017_test,14.666825
1018,1018_test,13.981048
1019,1019_test,10.108843
1020,1020_test,9.966141
1021,1021_test,10.3834
1022,1022_test,10.3834
1023,1023_test,58.53237
1024,1024_test,10.80441
1025,1025_test,14.490955
1026,1026_test,14.895149
1027,1027_test,38.535194
1028,1028_test,10.3834
1029,1029_test,15.447924
1030,1030_test,18.927843
1031,1031_test,10.3834
1032,1032_test,50.519844
1033,1033_test,9.966141
1034,1034_test,8.5176735
1035,1035_test,14.073696
1036,1036_test,23.180027
1037,1037_test,10.3834
1038,1038_test,9.966141
1039,1039_test,11.155659
1040,1040_test,9.426432
1041,1041_test,15.0840845
1042,1042_test,9.426432
1043,1043_test,18.752369
1044,1044_test,9.966141
1045,1045_test,10.920004
1046,1046_test,9.966141
1047,1047_test,18.927843
1048,1048_test,9.966141
1049,1049_test,9.847442
1050,1050_test,18.927843
1051,1051_test,12.211953
1052,1052_test,10.3834
1053,1053_test,14.555117
1054,1054_test,69.89374
1055,1055_test,23.180027
1056,1056_test,42.676243
1057,1057_test,9.966141
1058,1058_test,17.970877
1059,1059_test,10.3834
1060,1060_test,11.094296
1061,1061_test,10.3834
1062,1062_test,5.928029
1063,1063_test,9.014111
1064,1064_test,9.009172
1065,1065_test,9.014111
1066,1066_test,12.180849
1067,1067_test,10.3834
1068,1068_test,9.474642
1069,1069_test,10.3834
1070,1070_test,23.180027
1071,1071_test,8.599936
1072,1072_test,10.3834
1073,1073_test,44.635387
1074,1074_test,9.716318
1075,1075_test,10.0068
1076,1076_test,17.555609
1077,1077_test,10.3834
1078,1078_test,9.966141
1079,1079_test,18.927843
1080,1080_test,11.094296
1081,1081_test,9.847442
1082,1082_test,22.816187
1083,1083_test,25.11437
1084,1084_test,10.3834
1085,1085_test,18.927843
1086,1086_test,9.966141
1087,1087_test,18.927843
1088,1088_test,9.966141
1089,1089_test,9.966141
1090,1090_test,22.816187
1091,1091_test,24.241446
1092,1092_test,15.447924
1093,1093_test,10.3834
1094,1094_test,10.3834
1095,1095_test,10.3834
1096,1096_test,12.1959305
1097,1097_test,9.966141
1098,1098_test,18.927843
1099,1099_test,15.030042
1100,1100_test,23.180027
1101,1101_test,17.970877
1102,1102_test,18.927843
1103,1103_test,24.241446
1104,1104_test,34.94414
1105,1105_test,19.583399
1106,1106_test,5.7632565
1107,1107_test,59.98002
1108,1108_test,12.180849
1109,1109_test,15.505095
1110,1110_test,15.0840845
1111,1111_test,10.3834
1112,1112_test,11.094296
1113,1113_test,9.966141
1114,1114_test,26.200924
1115,1115_test,9.966141
1116,1116_test,9.426432
1117,1117_test,11.094296
1118,1118_test,10.3834
1119,1119_test,9.966141
1120,1120_test,29.04979
1121,1121_test,114.12016
1122,1122_test,10.3834
1123,1123_test,41.465855
1124,1124_test,15.0840845
1125,1125_test,11.094296
1126,1126_test,63.04416
1127,1127_test,7.642967
1128,1128_test,9.847442
1129,1129_test,15.264672
1130,1130_test,10.3834
1131,1131_test,9.966141
1132,1132_test,13.981048
1133,1133_test,12.638362
1134,1134_test,11.094296
1135,1135_test,15.030664
1136,1136_test,9.426432
1137,1137_test,10.3834
1138,1138_test,17.970877
1139,1139_test,10.3834
1140,1140_test,14.666825
1141,1141_test,13.60431
1142,1142_test,9.474642
1143,1143_test,9.426432
1144,1144_test,10.639585
1145,1145_test,12.180849
1146,1146_test,14.073696
1147,1147_test,17.970877
1148,1148_test,10.3834
1149,1149_test,10.3834
1150,1150_test,9.426432
1151,1151_test,6.1740966
1152,1152_test,7.642967
1153,1153_test,18.927843
1154,1154_test,10.3834
1155,1155_test,8.303214
1156,1156_test,9.966141
1157,1157_test,15.0840845
1158,1158_test,10.3834
1159,1159_test,18.927843
1160,1160_test,18.927843
1161,1161_test,12.180849
1162,1162_test,10.677037
1163,1163_test,18.927843
1164,1164_test,10.3834
1165,1165_test,10.3834
1166,1166_test,39.49216
1167,1167_test,35.74636
1168,1168_test,10.3834
1169,1169_test,156.35617
1170,1170_test,19.823656
1171,1171_test,10.137328
1172,1172_test,10.3834
1173,1173_test,17.970877
1174,1174_test,18.927843
1175,1175_test,9.966141
1176,1176_test,10.80441
1177,1177_test,9.009172
1178,1178_test,40.821552
1179,1179_test,9.426432
1180,1180_test,14.666825
1181,1181_test,20.122492
1182,1182_test,9.009172
1183,1183_test,10.831248
1184,1184_test,15.447924
1185,1185_test,10.3834
1186,1186_test,19.947239
1187,1187_test,12.180849
1188,1188_test,26.098045
1189,1189_test,9.966141
1190,1190_test,272.6885
1191,1191_test,31.305248
1192,1192_test,10.3834
1193,1193_test,10.3834
1194,1194_test,12.211953
1195,1195_test,6.1740966
1196,1196_test,18.927843
1197,1197_test,10.80441
1198,1198_test,9.966141
1199,1199_test,10.3834
1200,1200_test,108.74094
1201,1201_test,39.973827
1202,1202_test,40.1905
1203,1203_test,10.3834
1204,1204_test,9.426432
1205,1205_test,63.04416
1206,1206_test,17.970877
1207,1207_test,15.030664
1208,1208_test,15.030664
1209,1209_test,18.251297
1210,1210_test,15.030664
1211,1211_test,18.927843
1212,1212_test,18.331358
1213,1213_test,9.426432
1214,1214_test,26.200924
1215,1215_test,10.3834
1216,1216_test,14.666825
1217,1217_test,11.094296
1218,1218_test,10.108843
1219,1219_test,18.681732
1220,1220_test,6.5951085
1221,1221_test,12.180849
1222,1222_test,15.447924
1223,1223_test,337.4822
1224,1224_test,18.885885
1225,1225_test,16.847658
1226,1226_test,8.819288
1227,1227_test,9.474642
1228,1228_test,20.795889
1229,1229_test,10.137328
1230,1230_test,14.666825
1231,1231_test,10.3834
1232,1232_test,22.816187
1233,1233_test,15.0840845
1234,1234_test,9.426432
1235,1235_test,9.009172
1236,1236_test,8.599936
1237,1237_test,13.981048
1238,1238_test,9.426432
1239,1239_test,11.094296
1240,1240_test,10.3834
1241,1241_test,6.5951085
1242,1242_test,5.030999
1243,1243_test,18.709356
1244,1244_test,19.823656
1245,1245_test,13.225507
1246,1246_test,10.3834
1247,1247_test,59.82651
1248,1248_test,58.22081
1249,1249_test,12.180849
1250,1250_test,18.927843
1251,1251_test,9.966141
1252,1252_test,9.966141
1253,1253_test,23.180027
1254,1254_test,6.884995
1255,1255_test,10.639585
1256,1256_test,38.535194
1257,1257_test,10.3834
1258,1258_test,18.927843
1259,1259_test,7.642967
1260,1260_test,15.030664
1261,1261_test,33.085957
1262,1262_test,7.97155
1263,1263_test,32.039047
1264,1264_test,6.1740966
1265,1265_test,9.966141
1266,1266_test,10.3834
1267,1267_test,9.009172
1268,1268_test,83.1297
1269,1269_test,334.7886
1270,1270_test,11.094296
1271,1271_test,10.677037
1272,1272_test,6.5951085
1273,1273_test,9.847442
1274,1274_test,22.816187
1275,1275_test,10.3834
1276,1276_test,8.303214
1277,1277_test,5.2171307
1278,1278_test,10.3834
1279,1279_test,10.3834
1280,1280_test,9.966141
1281,1281_test,9.426432
1282,1282_test,14.666825
1283,1283_test,7.141233
1284,1284_test,9.720069
1285,1285_test,14.490955
1286,1286_test,6.1740966
1287,1287_test,18.927843
1288,1288_test,18.33511
1289,1289_test,12.12779
1290,1290_test,10.3834
1291,1291_test,9.847442
1292,1292_test,8.7421665
1293,1293_test,69.89374
1294,1294_test,10.3834
1295,1295_test,9.426432
1296,1296_test,12.211953
1297,1297_test,18.927843
1298,1298_test,10.3834
1299,1299_test,40.821552
1300,1300_test,9.009172
1301,1301_test,9.009172
1302,1302_test,57.192287
1303,1303_test,13.225507
1304,1304_test,13.137817
1305,1305_test,5.756838
1306,1306_test,15.524739
1307,1307_test,9.966141
1308,1308_test,9.966141
1309,1309_test,9.474642
1310,1310_test,10.3834
1311,1311_test,9.966141
1312,1312_test,9.966141
1313,1313_test,10.3834
1314,1314_test,9.966141
1315,1315_test,476.74042
1316,1316_test,8.510404
1317,1317_test,14.073696
1318,1318_test,13.225507
1319,1319_test,22.22306
1320,1320_test,4.799872
1321,1321_test,21.740862
1322,1322_test,39.49216
1323,1323_test,20.795889
1324,1324_test,18.927843
1325,1325_test,10.3834
1326,1326_test,10.3834
1327,1327_test,10.3834
1328,1328_test,22.22306
1329,1329_test,11.094296
1330,1330_test,22.816187
1331,1331_test,15.0840845
1332,1332_test,18.33511
1333,1333_test,22.50348
1334,1334_test,15.0840845
1335,1335_test,5.7632565
1336,1336_test,10.639585
1337,1337_test,17.986118
1338,1338_test,5.345998
1339,1339_test,9.009172
1340,1340_test,10.3834
1341,1341_test,18.927843
1342,1342_test,478.45782
1343,1343_test,248.70612
1344,1344_test,13.981048
1345,1345_test,46.37368
1346,1346_test,18.927843
1347,1347_test,9.966141
1348,1348_test,27.15789
1349,1349_test,40.48888
1350,1350_test,13.981048
1351,1351_test,9.426432
1352,1352_test,10.80441
1353,1353_test,15.447924
1354,1354_test,9.426432
1355,1355_test,17.970877
1356,1356_test,17.970877
1357,1357_test,6.4677362
1358,1358_test,4.6099873
1359,1359_test,18.33511
1360,1360_test,4.5149245
1361,1361_test,15.0840845
1362,1362_test,18.927843
1363,1363_test,10.3834
1364,1364_test,14.666825
1365,1365_test,13.981048
1366,1366_test,15.868936
1367,1367_test,10.3834
1368,1368_test,9.966141
1369,1369_test,15.447924
1370,1370_test,9.966141
1371,1371_test,18.927843
1372,1372_test,19.583399
1373,1373_test,10.3834
1374,1374_test,10.3834
1375,1375_test,11.094296
1376,1376_test,15.030664
1377,1377_test,5.6381426
1378,1378_test,9.966141
1379,1379_test,9.966141
1380,1380_test,14.666825
1381,1381_test,10.3834
1382,1382_test,22.816187
1383,1383_test,63.04416
1384,1384_test,10.3834
1385,1385_test,18.251297
1386,1386_test,22.816187
1387,1387_test,26.053795
1388,1388_test,188.83398
1389,1389_test,16.847658
1390,1390_test,15.447924
1391,1391_test,13.981048
1392,1392_test,11.155659
1393,1393_test,18.927843
1394,1394_test,18.752369
1395,1395_test,15.0840845
1396,1396_test,26.200924
1397,1397_test,18.752369
1398,1398_test,7.4311204
1399,1399_test,22.816187
1400,1400_test,9.009172
1401,1401_test,23.180027
1402,1402_test,10.3834
1403,1403_test,7.642967
1404,1404_test,10.3834
1405,1405_test,24.437824
1406,1406_test,17.970877
1407,1407_test,12.180849
1408,1408_test,14.666825
1409,1409_test,23.952208
1410,1410_test,35.128113
1411,1411_test,14.666825
1412,1412_test,9.966141
1413,1413_test,9.847442
1414,1414_test,9.966141
1415,1415_test,9.474642
1416,1416_test,10.677037
1417,1417_test,70.311
1418,1418_test,9.830624
1419,1419_test,16.847658
1420,1420_test,22.816187
1421,1421_test,36.703327
1422,1422_test,9.426432
1423,1423_test,15.030664
1424,1424_test,18.752369
1425,1425_test,13.137817
1426,1426_test,9.474642
1427,1427_test,15.0840845
1428,1428_test,18.927843
1429,1429_test,268.51837
1430,1430_test,40.48888
1431,1431_test,18.927843
1432,1432_test,6.3029637
1433,1433_test,78.0431
1434,1434_test,14.666825
1435,1435_test,29.869179
1436,1436_test,15.0840845
1437,1437_test,197.89064
1438,1438_test,161.8847
1439,1439_test,10.137328
1440,1440_test,10.3834
1441,1441_test,15.868936
1442,1442_test,13.137817
1443,1443_test,12.180849
1444,1444_test,9.966141
1445,1445_test,15.0840845
1446,1446_test,9.426432
1447,1447_test,17.970877
1448,1448_test,22.816187
1449,1449_test,15.0840845
1450,1450_test,15.447924
1451,1451_test,14.98503
1452,1452_test,10.3834
1453,1453_test,9.847442
1454,1454_test,11.094296
1455,1455_test,32.51554
1456,1456_test,7.8859553
1457,1457_test,9.009172
1458,1458_test,9.426432
1459,1459_test,5.756838
1460,1460_test,9.966141
1461,1461_test,14.666825
1462,1462_test,13.981048
1463,1463_test,9.426432
1464,1464_test,10.3834
1465,1465_test,15.447924
1466,1466_test,5.756838
1467,1467_test,9.009172
1468,1468_test,12.180849
1469,1469_test,11.155659
1470,1470_test,10.3834
1471,1471_test,9.426432
1472,1472_test,14.666825
1473,1473_test,23.180027
1474,1474_test,10.3834
1475,1475_test,9.966141
1476,1476_test,9.966141
1477,1477_test,10.639585
1478,1478_test,10.3834
1479,1479_test,9.966141
1480,1480_test,9.426432
1481,1481_test,9.966141
1482,1482_test,9.966141
1483,1483_test,126.34553
1484,1484_test,221.33105
1485,1485_test,9.474642
1486,1486_test,19.638742
1487,1487_test,10.3834
1488,1488_test,363.79474
1489,1489_test,10.3834
1490,1490_test,27.15789
1491,1491_test,11.689577
1492,1492_test,9.009172
1493,1493_test,10.3834
1494,1494_test,17.970877
1495,1495_test,15.0840845
1496,1496_test,9.426432
1497,1497_test,9.009172
1498,1498_test,10.639585
1499,1499_test,15.447924
1500,1500_test,114.52503
1501,1501_test,14.666825
1502,1502_test,9.966141
1503,1503_test,9.966141
1504,1504_test,19.638742
1505,1505_test,289.08643
1506,1506_test,15.0840845
1507,1507_test,15.0840845
1508,1508_test,9.966141
1509,1509_test,13.714446
1510,1510_test,19.85278
1511,1511_test,10.3834
1512,1512_test,13.350607
1513,1513_test,10.639585
1514,1514_test,9.966141
1515,1515_test,102.94832
1516,1516_test,10.3834
1517,1517_test,17.970877
1518,1518_test,70.311
1519,1519_test,14.555117
1520,1520_test,10.3834
1521,1521_test,12.180849
1522,1522_test,10.3834
1523,1523_test,15.447924
1524,1524_test,14.666825
1525,1525_test,22.816187
1526,1526_test,22.816187
1527,1527_test,14.718548
1528,1528_test,8.303214
1529,1529_test,10.3834
1530,1530_test,23.180027
1531,1531_test,17.970877
1532,1532_test,6.7202225
1533,1533_test,224.36098
1534,1534_test,22.816187
1535,1535_test,10.3834
1536,1536_test,4.799872
1537,1537_test,6.7202225
1538,1538_test,31.269596
1539,1539_test,9.009172
1540,1540_test,18.752369
1541,1541_test,18.927843
1542,1542_test,13.981048
1543,1543_test,9.009172
1544,1544_test,12.180849
1545,1545_test,12.965794
1546,1546_test,15.573451
1547,1547_test,15.030664
1548,1548_test,17.970877
1549,1549_test,9.966141
1550,1550_test,12.180849
1551,1551_test,12.180849
1552,1552_test,63.04416
1553,1553_test,11.094296
1554,1554_test,27.15789
1555,1555_test,18.927843
1556,1556_test,6.430285
1557,1557_test,10.3834
1558,1558_test,17.970877
1559,1559_test,18.927843
1560,1560_test,18.752369
1561,1561_test,34.623142
1562,1562_test,10.639585
1563,1563_test,10.3834
1564,1564_test,15.0840845
1565,1565_test,9.966141
1566,1566_test,9.426432
1567,1567_test,18.927843
1568,1568_test,18.927843
1569,1569_test,10.3834
1570,1570_test,22.816187
1571,1571_test,32.039047
1572,1572_test,15.0840845
1573,1573_test,9.966141
1574,1574_test,10.3834
1575,1575_test,11.094296
1576,1576_test,15.447924
1577,1577_test,17.555609
1578,1578_test,8.402029
1579,1579_test,9.009172
1580,1580_test,323.17496
1581,1581_test,10.3834
1582,1582_test,10.3834
1583,1583_test,9.966141
1584,1584_test,18.927843
1585,1585_test,121.42012
1586,1586_test,6.884995
1587,1587_test,9.966141
1588,1588_test,18.927843
1589,1589_test,79.74329
1590,1590_test,15.0840845
1591,1591_test,51.971058
1592,1592_test,26.501438
1593,1593_test,139.8748
1594,1594_test,18.927843
1595,1595_test,11.689577
1596,1596_test,6.463984
1597,1597_test,6.7202225
1598,1598_test,14.666825
1599,1599_test,9.847442
1600,1600_test,15.524739
1601,1601_test,14.666825
1602,1602_test,9.426432
1603,1603_test,10.80441
1604,1604_test,163.43843
1605,1605_test,63.268333
1606,1606_test,11.155659
1607,1607_test,9.009172
1608,1608_test,15.0840845
1609,1609_test,72.237335
1610,1610_test,14.073696
1611,1611_test,10.3834
1612,1612_test,9.966141
1613,1613_test,14.666825
1614,1614_test,10.3834
1615,1615_test,17.970877
1616,1616_test,280.09378
1617,1617_test,18.927843
1618,1618_test,7.8859553
1619,1619_test,18.290033
1620,1620_test,9.363638
1621,1621_test,19.175806
1622,1622_test,9.966141
1623,1623_test,22.816187
1624,1624_test,14.073696
1625,1625_test,3.908845
1626,1626_test,10.3834
1627,1627_test,22.816187
1628,1628_test,17.970877
1629,1629_test,7.8859553
1630,1630_test,14.666825
1631,1631_test,13.981048
1632,1632_test,45.60205
1633,1633_test,9.009172
1634,1634_test,12.180849
1635,1635_test,12.180849
1636,1636_test,8.724224
1637,1637_test,20.795889
1638,1638_test,29.431309
1639,1639_test,9.966141
1640,1640_test,18.927843
1641,1641_test,9.966141
1642,1642_test,27.15789
1643,1643_test,13.137817
1644,1644_test,9.966141
1645,1645_test,9.009172
1646,1646_test,18.927843
1647,1647_test,9.966141
1648,1648_test,18.927843
1649,1649_test,16.598642
1650,1650_test,15.030664
1651,1651_test,17.970877
1652,1652_test,18.927843
1653,1653_test,22.816187
1654,1654_test,13.431899
1655,1655_test,15.056751
1656,1656_test,6.0568943
1657,1657_test,9.426432
1658,1658_test,10.3834
1659,1659_test,19.638742
1660,1660_test,7.8859553
1661,1661_test,15.0840845
1662,1662_test,12.180849
1663,1663_test,61.34156
1664,1664_test,5.756838
1665,1665_test,8.724224
1666,1666_test,12.211953
1667,1667_test,13.936403
1668,1668_test,9.009172
1669,1669_test,35.128113
1670,1670_test,10.3834
1671,1671_test,11.094296
1672,1672_test,9.966141
1673,1673_test,9.966141
1674,1674_test,15.030664
1675,1675_test,15.030664
1676,1676_test,12.180849
1677,1677_test,15.0840845
1678,1678_test,15.0840845
1679,1679_test,3.908845
1680,1680_test,22.22306
1681,1681_test,24.519331
1682,1682_test,23.180027
1683,1683_test,10.3834
1684,1684_test,17.555609
1685,1685_test,24.157404
1686,1686_test,7.642967
1687,1687_test,330.58188
1688,1688_test,14.666825
1689,1689_test,18.927843
1690,1690_test,11.094296
1691,1691_test,20.795889
1692,1692_test,15.524739
1693,1693_test,5.7632565
1694,1694_test,9.009172
1695,1695_test,24.241446
1696,1696_test,9.847442
1697,1697_test,11.094296
1698,1698_test,9.426432
1699,1699_test,10.639585
1700,1700_test,18.927843
1701,1701_test,25.503696
1702,1702_test,10.320606
1703,1703_test,9.966141
1704,1704_test,22.816187
1705,1705_test,9.426432
1706,1706_test,15.030664
1707,1707_test,14.490955
1708,1708_test,10.3834
1709,1709_test,15.447924
1710,1710_test,12.991194
1711,1711_test,38.016407
1712,1712_test,10.3834
1713,1713_test,10.3834
1714,1714_test,15.447924
1715,1715_test,18.927843
1716,1716_test,15.0840845
1717,1717_test,44.635387
1718,1718_test,18.927843
1719,1719_test,18.927843
1720,1720_test,9.009172
1721,1721_test,27.15789
1722,1722_test,10.3834
1723,1723_test,40.48888
1724,1724_test,18.927843
1725,1725_test,9.706851
1726,1726_test,32.699047
1727,1727_test,40.48888
1728,1728_test,14.666825
1729,1729_test,13.225507
1730,1730_test,10.3834
1731,1731_test,4.5149245
1732,1732_test,10.3834
1733,1733_test,9.966141
1734,1734_test,15.0840845
1735,1735_test,4.3838
1736,1736_test,10.3834
1737,1737_test,10.3834
1738,1738_test,10.631698
1739,1739_test,9.426432
1740,1740_test,10.3834
1741,1741_test,7.141233
1742,1742_test,9.009172
1743,1743_test,10.3834
1744,1744_test,9.966141
1745,1745_test,10.80441
1746,1746_test,14.666825
1747,1747_test,18.927843
1748,1748_test,10.3834
1749,1749_test,50.70709
1750,1750_test,42.638805
1751,1751_test,15.0840845
1752,1752_test,15.447924
1753,1753_test,10.3834
1754,1754_test,98.146
1755,1755_test,10.3834
1756,1756_test,22.816187
1757,1757_test,5.2171307
1758,1758_test,18.927843
1759,1759_test,9.966141
1760,1760_test,9.426432
1761,1761_test,34.94414
1762,1762_test,18.681732
1763,1763_test,10.3834
1764,1764_test,15.524739
1765,1765_test,15.0840845
1766,1766_test,8.928518
1767,1767_test,10.80441
1768,1768_test,9.633621
1769,1769_test,10.3834
1770,1770_test,18.927843
1771,1771_test,9.966141
1772,1772_test,15.0840845
1773,1773_test,10.3834
1774,1774_test,8.303214
1775,1775_test,23.180027
1776,1776_test,9.426432
1777,1777_test,9.966141
1778,1778_test,12.180849
1779,1779_test,11.094296
1780,1780_test,29.04979
1781,1781_test,95.949936
1782,1782_test,20.795889
1783,1783_test,8.928518
1784,1784_test,67.190674
1785,1785_test,18.927843
1786,1786_test,12.122832
1787,1787_test,39.49216
1788,1788_test,31.082085
1789,1789_test,15.257181
1790,1790_test,6.5951085
1791,1791_test,14.073696
1792,1792_test,9.966141
1793,1793_test,18.927843
1794,1794_test,57.254147
1795,1795_test,14.490955
1796,1796_test,15.030042
1797,1797_test,9.009172
1798,1798_test,25.11437
1799,1799_test,12.61319
1800,1800_test,10.3834
1801,1801_test,9.426432
1802,1802_test,22.816187
1803,1803_test,11.145201
1804,1804_test,69.89374
1805,1805_test,15.447924
1806,1806_test,10.3834
1807,1807_test,27.15789
1808,1808_test,15.578159
1809,1809_test,11.094296
1810,1810_test,10.3834
1811,1811_test,9.426432
1812,1812_test,803.1308
1813,1813_test,9.966141
1814,1814_test,8.599936
1815,1815_test,15.030664
1816,1816_test,26.098045
1817,1817_test,9.426432
1818,1818_test,22.816187
1819,1819_test,15.030664
1820,1820_test,9.966141
1821,1821_test,10.3834
1822,1822_test,9.966141
1823,1823_test,18.354582
1824,1824_test,128.33015
1825,1825_test,9.426432
1826,1826_test,5.345998
1827,1827_test,11.203423
1828,1828_test,9.966141
1829,1829_test,9.426432
1830,1830_test,63.973007
1831,1831_test,10.137328
1832,1832_test,9.966141
1833,1833_test,9.966141
1834,1834_test,6.1740966
1835,1835_test,12.575792
1836,1836_test,9.966141
1837,1837_test,6.7202225
1838,1838_test,93.786194
1839,1839_test,10.3834
1840,1840_test,9.966141
1841,1841_test,21.544626
1842,1842_test,48.453865
1843,1843_test,9.966141
1844,1844_test,9.426432
1845,1845_test,10.3834
1846,1846_test,16.847658
1847,1847_test,52.69038
1848,1848_test,5.7632565
1849,1849_test,5.928029
1850,1850_test,23.180027
1851,1851_test,18.927843
1852,1852_test,12.658791
1853,1853_test,11.094296
1854,1854_test,10.639585
1855,1855_test,20.795889
1856,1856_test,14.666825
1857,1857_test,9.009172
1858,1858_test,17.970877
1859,1859_test,11.094296
1860,1860_test,164.36462
1861,1861_test,40.165604
1862,1862_test,10.3834
1863,1863_test,9.009172
1864,1864_test,47.33384
1865,1865_test,18.927843
1866,1866_test,60.82452
1867,1867_test,10.3834
1868,1868_test,53.622772
1869,1869_test,10.3834
1870,1870_test,17.970877
1871,1871_test,5.9778337
1872,1872_test,76.264244
1873,1873_test,7.981285
1874,1874_test,18.927843
1875,1875_test,18.927843
1876,1876_test,17.970877
1877,1877_test,15.447924
1878,1878_test,56.74453
1879,1879_test,10.137328
1880,1880_test,35.399258
1881,1881_test,52.665806
1882,1882_test,14.307704
1883,1883_test,9.009172
1884,1884_test,144.84865
1885,1885_test,9.966141
1886,1886_test,6.1017027
1887,1887_test,12.658791
1888,1888_test,10.3834
1889,1889_test,10.639585
1890,1890_test,10.3834
1891,1891_test,25.454185
1892,1892_test,478.50122
1893,1893_test,40.48888
1894,1894_test,14.666825
1895,1895_test,9.966141
1896,1896_test,15.447924
1897,1897_test,12.060757
1898,1898_test,88.50164
1899,1899_test,9.847442
1900,1900_test,9.426432
1901,1901_test,18.927843
1902,1902_test,9.966141
1903,1903_test,20.795889
1904,1904_test,18.927843
1905,1905_test,18.927843
1906,1906_test,12.180849
1907,1907_test,15.447924
1908,1908_test,13.350607
1909,1909_test,18.681732
1910,1910_test,170.53879
1911,1911_test,18.927843
1912,1912_test,9.633621
1913,1913_test,10.3834
1914,1914_test,9.966141
1915,1915_test,9.426432
1916,1916_test,9.847442
1917,1917_test,31.082085
1918,1918_test,15.0840845
1919,1919_test,29.168304
1920,1920_test,23.180027
1921,1921_test,6.7202225
1922,1922_test,20.795889
1923,1923_test,9.426432
1924,1924_test,9.966141
1925,1925_test,15.030664
1926,1926_test,9.966141
1927,1927_test,14.490955
1928,1928_test,22.816187
1929,1929_test,95.76475
1930,1930_test,22.816187
1931,1931_test,4.0939126
1932,1932_test,27.453367
1933,1933_test,18.927843
1934,1934_test,40.74261
1935,1935_test,7.981285
1936,1936_test,8.819288
1937,1937_test,7.4311204
1938,1938_test,8.303214
1939,1939_test,10.3834
1940,1940_test,13.225507
1941,1941_test,6.7202225
1942,1942_test,15.447924
1943,1943_test,18.927843
1944,1944_test,7.8859553
1945,1945_test,9.009172
1946,1946_test,24.437824
1947,1947_test,17.677715
1948,1948_test,12.180849
1949,1949_test,9.009172
1950,1950_test,6.1740966
1951,1951_test,256.5817
1952,1952_test,7.8859553
1953,1953_test,35.82732
1954,1954_test,22.816187
1955,1955_test,11.094296
1956,1956_test,12.802527
1957,1957_test,5.928029
1958,1958_test,14.073057
1959,1959_test,10.3834
1960,1960_test,10.677037
1961,1961_test,48.453865
1962,1962_test,11.094296
1963,1963_test,10.0068
1964,1964_test,9.426432
1965,1965_test,164.10529
1966,1966_test,9.426432
1967,1967_test,17.970877
1968,1968_test,10.3834
1969,1969_test,8.303214
1970,1970_test,15.0840845
1971,1971_test,136.14474
1972,1972_test,9.716318
1973,1973_test,196.72473
1974,1974_test,15.0840845
1975,1975_test,18.681732
1976,1976_test,63.04416
1977,1977_test,22.816187
1978,1978_test,30.31263
1979,1979_test,9.009172
1980,1980_test,9.966141
1981,1981_test,9.426432
1982,1982_test,13.137817
1983,1983_test,18.33511
1984,1984_test,15.264672
1985,1985_test,7.642967
1986,1986_test,18.33511
1987,1987_test,9.009172
1988,1988_test,26.200924
1989,1989_test,10.3834
1990,1990_test,9.426432
1991,1991_test,14.073696
1992,1992_test,14.555117
1993,1993_test,57.254147
1994,1994_test,12.991194
1995,1995_test,12.658791
1996,1996_test,18.927843
1997,1997_test,15.0840845
1998,1998_test,7.97155
1999,1999_test,22.816187
2000,2000_test,18.927843
2001,2001_test,12.658791
2002,2002_test,8.303214
2003,2003_test,15.447924
2004,2004_test,12.180849
2005,2005_test,15.030664
2006,2006_test,15.0840845
2007,2007_test,12.461268
2008,2008_test,166.4224
2009,2009_test,9.966141
2010,2010_test,18.927843
2011,2011_test,301.047
2012,2012_test,22.816187
2013,2013_test,40.48888
2014,2014_test,22.816187
2015,2015_test,10.3834
2016,2016_test,15.0840845
2017,2017_test,10.3834
2018,2018_test,15.0840845
2019,2019_test,9.966141
2020,2020_test,17.82604
2021,2021_test,10.137328
2022,2022_test,34.94414
2023,2023_test,22.816187
2024,2024_test,15.0840845
2025,2025_test,18.927843
2026,2026_test,9.009172
2027,2027_test,69.132645
2028,2028_test,10.3834
2029,2029_test,14.666825
2030,2030_test,29.871975
2031,2031_test,21.544626
2032,2032_test,22.816187
2033,2033_test,8.819288
2034,2034_test,15.1609
2035,2035_test,11.272318
2036,2036_test,9.426432
2037,2037_test,10.3834
2038,2038_test,15.0840845
2039,2039_test,10.137328
2040,2040_test,6.5951085
2041,2041_test,10.3834
2042,2042_test,23.180027
2043,2043_test,10.3834
2044,2044_test,9.720069
2045,2045_test,13.137817
2046,2046_test,7.8859553
2047,2047_test,9.966141
2048,2048_test,11.094296
2049,2049_test,10.3834
2050,2050_test,10.3834
2051,2051_test,5.2171307
2052,2052_test,14.555117
2053,2053_test,9.426432
2054,2054_test,10.3834
2055,2055_test,5.756838
2056,2056_test,10.3834
2057,2057_test,127.37319
2058,2058_test,15.447924
2059,2059_test,15.447924
2060,2060_test,10.3834
2061,2061_test,11.094296
2062,2062_test,12.862557
2063,2063_test,15.447924
2064,2064_test,22.816187
2065,2065_test,13.137817
2066,2066_test,15.030042
2067,2067_test,10.3834
2068,2068_test,15.447924
2069,2069_test,18.927843
2070,2070_test,17.970877
2071,2071_test,18.927843
2072,2072_test,10.317873
2073,2073_test,25.454185
2074,2074_test,10.3834
2075,2075_test,14.666825
2076,2076_test,14.666825
2077,2077_test,40.48888
2078,2078_test,9.426432
2079,2079_test,119.726845
2080,2080_test,11.094296
2081,2081_test,9.716318
2082,2082_test,18.927843
2083,2083_test,15.0840845
2084,2084_test,17.970877
2085,2085_test,18.927843
2086,2086_test,9.966141
2087,2087_test,18.927843
2088,2088_test,18.927843
2089,2089_test,9.847442
2090,2090_test,8.510404
2091,2091_test,9.966141
2092,2092_test,17.970877
2093,2093_test,14.666825
2094,2094_test,9.9205065
2095,2095_test,22.816187
2096,2096_test,9.009172
2097,2097_test,10.639585
2098,2098_test,18.927843
2099,2099_test,18.927843
2100,2100_test,10.3834
2101,2101_test,5.756838
2102,2102_test,4.3838
2103,2103_test,15.447924
2104,2104_test,9.966141
2105,2105_test,9.426432
2106,2106_test,12.180849
2107,2107_test,70.311
2108,2108_test,13.981048
2109,2109_test,29.679373
2110,2110_test,6.3029637
2111,2111_test,10.3834
2112,2112_test,63.04416
2113,2113_test,10.3834
2114,2114_test,4.6099873
2115,2115_test,32.85838
2116,2116_test,160.47383
2117,2117_test,14.666825
2118,2118_test,13.989231
2119,2119_test,87.05746
2120,2120_test,18.927843
2121,2121_test,5.7632565
2122,2122_test,9.966141
2123,2123_test,11.830236
2124,2124_test,9.426432
2125,2125_test,9.009172
2126,2126_test,15.0840845
2127,2127_test,14.729906
2128,2128_test,16.847658
2129,2129_test,11.830236
2130,2130_test,18.927843
2131,2131_test,15.447924
2132,2132_test,101.70684
2133,2133_test,8.210969
2134,2134_test,14.073696
2135,2135_test,19.638742
2136,2136_test,19.860054
2137,2137_test,12.180849
2138,2138_test,5.7632565
2139,2139_test,18.33511
2140,2140_test,9.426432
2141,2141_test,14.666825
2142,2142_test,39.49216
2143,2143_test,9.009172
2144,2144_test,10.3834
2145,2145_test,363.79474
2146,2146_test,8.724224
2147,2147_test,8.5176735
2148,2148_test,5.2171307
2149,2149_test,10.3834
2150,2150_test,14.2838335
2151,2151_test,9.426432
2152,2152_test,10.3834
2153,2153_test,11.094296
2154,2154_test,10.3834
2155,2155_test,15.0840845
2156,2156_test,28.787477
2157,2157_test,9.966141
2158,2158_test,9.009172
2159,2159_test,10.3834
2160,2160_test,18.927843
2161,2161_test,10.3834
2162,2162_test,9.966141
2163,2163_test,10.3834
2164,2164_test,10.3834
2165,2165_test,22.22306
2166,2166_test,10.3834
2167,2167_test,10.3834
2168,2168_test,69.89374
2169,2169_test,170.12154
2170,2170_test,17.970877
2171,2171_test,9.966141
2172,2172_test,15.447924
2173,2173_test,9.009172
2174,2174_test,22.816187
2175,2175_test,9.966141
2176,2176_test,12.122832
2177,2177_test,5.756838
2178,2178_test,174.23338
2179,2179_test,18.33511
2180,2180_test,10.3834
2181,2181_test,11.155659
2182,2182_test,18.33511
2183,2183_test,10.3834
2184,2184_test,10.3834
2185,2185_test,15.0840845
2186,2186_test,18.752369
2187,2187_test,66.94632
2188,2188_test,6.5951085
2189,2189_test,9.830624
2190,2190_test,9.426432
2191,2191_test,6.7202225
2192,2192_test,9.847442
2193,2193_test,117.62576
2194,2194_test,180.72307
2195,2195_test,7.981285
2196,2196_test,5.345998
2197,2197_test,13.225507
2198,2198_test,38.952454
2199,2199_test,18.927843
2200,2200_test,10.3834
2201,2201_test,23.180027
2202,2202_test,19.522951
2203,2203_test,14.490955
2204,2204_test,10.3834
2205,2205_test,21.019651
2206,2206_test,10.3834
2207,2207_test,16.847658
2208,2208_test,10.3834
2209,2209_test,5.2171307
2210,2210_test,9.966141
2211,2211_test,10.3834
2212,2212_test,9.966141
2213,2213_test,10.3834
2214,2214_test,16.257921
2215,2215_test,19.823656
2216,2216_test,18.927843
2217,2217_test,22.816187
2218,2218_test,11.094296
2219,2219_test,9.966141
2220,2220_test,9.966141
2221,2221_test,9.966141
2222,2222_test,9.014111
2223,2223_test,9.009172
2224,2224_test,18.927843
2225,2225_test,10.639585
2226,2226_test,10.3834
2227,2227_test,10.3834
2228,2228_test,9.966141
2229,2229_test,41.26712
2230,2230_test,153.13672
2231,2231_test,6.7202225
2232,2232_test,9.966141
2233,2233_test,10.639585
2234,2234_test,15.030664
2235,2235_test,10.3834
2236,2236_test,9.847442
2237,2237_test,10.3834
2238,2238_test,53.18776
2239,2239_test,157.60092
2240,2240_test,18.927843
2241,2241_test,10.3834
2242,2242_test,33.085957
2243,2243_test,191.39697
2244,2244_test,14.666825
2245,2245_test,9.009172
2246,2246_test,14.666825
2247,2247_test,14.666825
2248,2248_test,63.98963
2249,2249_test,10.3834
2250,2250_test,15.030664
2251,2251_test,10.3834
2252,2252_test,15.0840845
2253,2253_test,8.303214
2254,2254_test,9.426432
2255,2255_test,12.180849
2256,2256_test,7.141233
2257,2257_test,15.0840845
2258,2258_test,192.74391
2259,2259_test,18.927843
2260,2260_test,11.094296
2261,2261_test,12.180849
2262,2262_test,10.3834
2263,2263_test,31.906965
2264,2264_test,17.970877
2265,2265_test,18.927843
2266,2266_test,18.927843
2267,2267_test,10.639585
2268,2268_test,15.030664
2269,2269_test,11.094296
2270,2270_test,10.639585
2271,2271_test,18.927843
2272,2272_test,23.952208
2273,2273_test,9.966141
2274,2274_test,18.927843
2275,2275_test,15.030664
2276,2276_test,10.3834
2277,2277_test,18.927843
2278,2278_test,14.490955
2279,2279_test,10.3834
2280,2280_test,9.966141
2281,2281_test,9.426432
2282,2282_test,9.966141
2283,2283_test,10.3834
2284,2284_test,18.927843
2285,2285_test,6.7202225
2286,2286_test,18.927843
2287,2287_test,9.426432
2288,2288_test,15.0840845
2289,2289_test,9.009172
2290,2290_test,9.009172
2291,2291_test,22.22306
2292,2292_test,10.3834
2293,2293_test,9.009172
2294,2294_test,9.009172
2295,2295_test,9.426432
2296,2296_test,38.54179
2297,2297_test,18.752369
2298,2298_test,41.71101
2299,2299_test,18.927843
2300,2300_test,12.122832
2301,2301_test,52.471954
2302,2302_test,11.689577
2303,2303_test,9.014111
2304,2304_test,15.505095
2305,2305_test,12.575792
2306,2306_test,12.180849
2307,2307_test,23.180027
2308,2308_test,17.970877
2309,2309_test,26.200924
2310,2310_test,44.619022
2311,2311_test,10.137328
2312,2312_test,9.966141
2313,2313_test,13.981048
2314,2314_test,17.970877
2315,2315_test,10.3834
2316,2316_test,19.230587
2317,2317_test,11.094296
2318,2318_test,45.987587
2319,2319_test,15.0840845
2320,2320_test,22.816187
2321,2321_test,15.447924
2322,2322_test,5.345998
2323,2323_test,14.666825
2324,2324_test,23.180027
2325,2325_test,175.28427
2326,2326_test,21.544626
2327,2327_test,23.180027
2328,2328_test,22.816187
2329,2329_test,18.927843
2330,2330_test,9.474642
2331,2331_test,9.966141
2332,2332_test,9.426432
2333,2333_test,18.927843
2334,2334_test,5.7632565
2335,2335_test,26.200924
2336,2336_test,13.981048
2337,2337_test,14.073696
2338,2338_test,6.5951085
2339,2339_test,10.3834
2340,2340_test,7.642967
2341,2341_test,15.447924
2342,2342_test,45.60205
2343,2343_test,14.666825
2344,2344_test,10.4177475
2345,2345_test,6.976409
2346,2346_test,6.976409
2347,2347_test,9.426432
2348,2348_test,10.673286
2349,2349_test,18.927843
2350,2350_test,9.720069
2351,2351_test,22.816187
2352,2352_test,18.927843
2353,2353_test,9.966141
2354,2354_test,758.0561
2355,2355_test,18.927843
2356,2356_test,69.89374
2357,2357_test,161.8847
2358,2358_test,22.816187
2359,2359_test,9.426432
2360,2360_test,15.0840845
2361,2361_test,18.927843
2362,2362_test,5.345998
2363,2363_test,10.3834
2364,2364_test,18.927843
2365,2365_test,10.3834
2366,2366_test,9.966141
2367,2367_test,10.3834
2368,2368_test,9.966141
2369,2369_test,12.180849
2370,2370_test,327.22852
2371,2371_test,8.5176735
2372,2372_test,18.927843
2373,2373_test,27.15789
2374,2374_test,18.927843
2375,2375_test,10.3834
2376,2376_test,18.927843
2377,2377_test,9.426432
2378,2378_test,22.816187
2379,2379_test,9.426432
2380,2380_test,9.426432
2381,2381_test,18.927843
2382,2382_test,10.137328
2383,2383_test,22.816187
2384,2384_test,5.507018
2385,2385_test,44.378414
2386,2386_test,460.8986
2387,2387_test,11.377372
2388,2388_test,8.303214
2389,2389_test,11.094296
2390,2390_test,18.927843
2391,2391_test,9.966141
2392,2392_test,8.303214
2393,2393_test,10.3834
2394,2394_test,11.094296
2395,2395_test,14.666825
2396,2396_test,5.2171307
2397,2397_test,22.995127
2398,2398_test,24.157404
2399,2399_test,13.981048
2400,2400_test,10.137328
2401,2401_test,16.598642
2402,2402_test,10.3834
2403,2403_test,201.58598
2404,2404_test,15.447924
2405,2405_test,132.47432
2406,2406_test,14.666825
2407,2407_test,11.094296
2408,2408_test,9.966141
2409,2409_test,10.3834
2410,2410_test,9.009172
2411,2411_test,9.966141
2412,2412_test,15.0840845
2413,2413_test,61.872486
2414,2414_test,7.141233
2415,2415_test,11.203423
2416,2416_test,19.43393
2417,2417_test,52.423588
2418,2418_test,14.666825
2419,2419_test,15.0840845
2420,2420_test,11.094296
2421,2421_test,10.639585
2422,2422_test,72.81568
2423,2423_test,10.3834
2424,2424_test,9.009172
2425,2425_test,6.0568943
2426,2426_test,9.966141
2427,2427_test,5.345998
2428,2428_test,18.28239
2429,2429_test,11.094296
2430,2430_test,6.7202225
2431,2431_test,14.666825
2432,2432_test,10.3834
2433,2433_test,11.094296
2434,2434_test,10.3834
2435,2435_test,14.490955
2436,2436_test,10.3834
2437,2437_test,15.0840845
2438,2438_test,22.816187
2439,2439_test,14.911967
2440,2440_test,39.49216
2441,2441_test,9.426432
2442,2442_test,19.583399
2443,2443_test,9.009172
2444,2444_test,23.6741
2445,2445_test,17.970877
2446,2446_test,31.151417
2447,2447_test,139.8748
2448,2448_test,18.33511
2449,2449_test,6.1740966
2450,2450_test,9.966141
2451,2451_test,4.0939126
2452,2452_test,10.3834
2453,2453_test,14.490955
2454,2454_test,51.2614
2455,2455_test,10.3834
2456,2456_test,49.093555
2457,2457_test,8.593101
2458,2458_test,8.599936
2459,2459_test,9.966141
2460,2460_test,9.009172
2461,2461_test,152.32625
2462,2462_test,38.564865
2463,2463_test,9.966141
2464,2464_test,6.7202225
2465,2465_test,44.611618
2466,2466_test,15.0840845
2467,2467_test,10.677037
2468,2468_test,70.311
2469,2469_test,9.426432
2470,2470_test,9.720069
2471,2471_test,14.666825
2472,2472_test,10.657527
2473,2473_test,39.49216
2474,2474_test,9.966141
2475,2475_test,10.3834
2476,2476_test,7.4311204
2477,2477_test,13.137817
2478,2478_test,10.137328
2479,2479_test,9.966141
2480,2480_test,15.447924
2481,2481_test,10.137328
2482,2482_test,14.073696
2483,2483_test,18.927843
2484,2484_test,39.497448
2485,2485_test,10.3834
2486,2486_test,23.180027
2487,2487_test,9.426432
2488,2488_test,11.094296
2489,2489_test,10.3834
2490,2490_test,91.44627
2491,2491_test,20.795889
2492,2492_test,18.752369
2493,2493_test,17.970877
2494,2494_test,18.927843
2495,2495_test,9.426432
2496,2496_test,9.847442
2497,2497_test,9.966141
2498,2498_test,11.094296
2499,2499_test,8.819288
2500,2500_test,9.966141
2501,2501_test,15.0840845
2502,2502_test,10.137328
2503,2503_test,26.806786
2504,2504_test,12.180849
2505,2505_test,9.966141
2506,2506_test,10.3834
2507,2507_test,24.556782
2508,2508_test,22.816187
2509,2509_test,22.816187
2510,2510_test,9.009172
2511,2511_test,18.927843
2512,2512_test,18.927843
2513,2513_test,10.3834
2514,2514_test,8.303214
2515,2515_test,35.82732
2516,2516_test,9.830624
2517,2517_test,22.816187
2518,2518_test,23.180027
2519,2519_test,23.180027
2520,2520_test,12.110656
2521,2521_test,10.3834
2522,2522_test,9.426432
2523,2523_test,10.639585
2524,2524_test,12.180849
2525,2525_test,7.642967
2526,2526_test,36.458027
2527,2527_test,9.966141
2528,2528_test,10.3834
2529,2529_test,9.009172
2530,2530_test,58.22081
2531,2531_test,14.073696
2532,2532_test,38.535194
2533,2533_test,15.0840845
2534,2534_test,10.3834
2535,2535_test,7.353081
2536,2536_test,10.3834
2537,2537_test,10.3834
2538,2538_test,135.68364
2539,2539_test,19.522951
2540,2540_test,22.816187
2541,2541_test,69.89374
2542,2542_test,18.927843
2543,2543_test,22.816187
2544,2544_test,11.094296
2545,2545_test,18.927843
2546,2546_test,9.716318
2547,2547_test,5.7632565
2548,2548_test,12.180849
2549,2549_test,23.180027
2550,2550_test,10.80441
2551,2551_test,37.19305
2552,2552_test,7.97155
2553,2553_test,130.23407
2554,2554_test,10.3834
2555,2555_test,22.816187
2556,2556_test,14.718548
2557,2557_test,37.829235
2558,2558_test,9.847442
2559,2559_test,15.447924
2560,2560_test,157.83246
2561,2561_test,10.3834
2562,2562_test,22.816187
2563,2563_test,10.3834
2564,2564_test,14.666825
2565,2565_test,6.1017027
2566,2566_test,9.426432
2567,2567_test,18.927843
2568,2568_test,9.426432
2569,2569_test,12.180849
2570,2570_test,6.1017027
2571,2571_test,9.009172
2572,2572_test,14.666825
2573,2573_test,8.303214
2574,2574_test,11.094296
2575,2575_test,10.3834
2576,2576_test,13.137817
2577,2577_test,26.200924
2578,2578_test,10.3834
2579,2579_test,6.976409
2580,2580_test,22.816187
2581,2581_test,14.729906
2582,2582_test,548.08624
2583,2583_test,18.927843
2584,2584_test,14.666825
2585,2585_test,18.927843
2586,2586_test,10.3834
2587,2587_test,11.155659
2588,2588_test,5.7632565
2589,2589_test,9.966141
2590,2590_test,36.703327
2591,2591_test,15.868936
2592,2592_test,34.94414
2593,2593_test,14.490955
2594,2594_test,10.80441
2595,2595_test,9.426432
2596,2596_test,15.030664
2597,2597_test,15.505095
2598,2598_test,9.966141
2599,2599_test,14.666825
2600,2600_test,10.80441
2601,2601_test,12.180849
2602,2602_test,13.989231
2603,2603_test,14.666825
2604,2604_test,10.639585
2605,2605_test,81.45254
2606,2606_test,10.3834
2607,2607_test,17.970877
2608,2608_test,14.666825
2609,2609_test,6.7202225
2610,2610_test,22.816187
2611,2611_test,12.211953
2612,2612_test,437.36472
2613,2613_test,18.681732
2614,2614_test,12.991194
2615,2615_test,18.927843
2616,2616_test,9.426432
2617,2617_test,50.92164
2618,2618_test,21.771502
2619,2619_test,8.303214
2620,2620_test,10.3834
2621,2621_test,13.137817
2622,2622_test,22.816187
2623,2623_test,9.009172
2624,2624_test,6.1740966
2625,2625_test,9.966141
2626,2626_test,134.2113
2627,2627_test,17.970877
2628,2628_test,9.009172
2629,2629_test,10.3834
2630,2630_test,9.847442
2631,2631_test,18.927843
2632,2632_test,63.98963
2633,2633_test,22.816187
2634,2634_test,3.9806466
2635,2635_test,18.927843
2636,2636_test,9.966141
2637,2637_test,14.666825
2638,2638_test,14.666825
2639,2639_test,12.180849
2640,2640_test,8.724224
2641,2641_test,9.426432
2642,2642_test,14.490955
2643,2643_test,9.426432
2644,2644_test,15.257181
2645,2645_test,22.816187
2646,2646_test,9.009172
2647,2647_test,15.0840845
2648,2648_test,11.094296
2649,2649_test,9.009172
2650,2650_test,62.6269
2651,2651_test,12.180849
2652,2652_test,10.639585
2653,2653_test,9.966141
2654,2654_test,9.966141
2655,2655_test,9.426432
2656,2656_test,7.642967
2657,2657_test,15.447924
2658,2658_test,5.2171307
2659,2659_test,36.703327
2660,2660_test,9.966141
2661,2661_test,11.094296
2662,2662_test,13.981048
2663,2663_test,19.694777
2664,2664_test,8.819288
2665,2665_test,9.426432
2666,2666_test,11.094296
2667,2667_test,14.666825
2668,2668_test,14.490955
2669,2669_test,6.5951085
2670,2670_test,182.9044
2671,2671_test,10.3834
2672,2672_test,6.1017027
2673,2673_test,9.966141
2674,2674_test,151.68422
2675,2675_test,9.426432
2676,2676_test,14.490955
2677,2677_test,14.073696
2678,2678_test,12.180849
2679,2679_test,10.3834
2680,2680_test,5.928029
2681,2681_test,5.928029
2682,2682_test,10.3834
2683,2683_test,27.15789
2684,2684_test,87.347946
2685,2685_test,14.718548
2686,2686_test,22.816187
2687,2687_test,9.009172
2688,2688_test,9.426432
2689,2689_test,40.07162
2690,2690_test,14.073696
2691,2691_test,12.180849
2692,2692_test,7.0138617
2693,2693_test,6.7202225
2694,2694_test,11.094296
2695,2695_test,9.426432
2696,2696_test,18.927843
2697,2697_test,66.94632
2698,2698_test,10.877475
2699,2699_test,12.180849
2700,2700_test,37.383255
2701,2701_test,14.666825
2702,2702_test,6.474153
2703,2703_test,15.447924
2704,2704_test,5.6381426
2705,2705_test,14.98503
2706,2706_test,9.426432
2707,2707_test,15.0840845
2708,2708_test,14.666825
2709,2709_test,10.3834
2710,2710_test,9.830624
2711,2711_test,9.009172
2712,2712_test,9.847442
2713,2713_test,6.3029637
2714,2714_test,10.3834
2715,2715_test,102.94832
2716,2716_test,18.927843
2717,2717_test,14.666825
2718,2718_test,18.927843
2719,2719_test,192.56216
2720,2720_test,40.48888
2721,2721_test,168.42831
2722,2722_test,14.666825
2723,2723_test,9.847442
2724,2724_test,69.89374
2725,2725_test,9.009172
2726,2726_test,22.609377
2727,2727_test,10.3834
2728,2728_test,9.966141
2729,2729_test,10.3834
2730,2730_test,80.593376
2731,2731_test,8.303214
2732,2732_test,9.014111
2733,2733_test,9.966141
2734,2734_test,147.37054
2735,2735_test,23.180027
2736,2736_test,10.3834
2737,2737_test,7.2025976
2738,2738_test,18.752369
2739,2739_test,67.190674
2740,2740_test,6.976409
2741,2741_test,10.3834
2742,2742_test,18.927843
2743,2743_test,30.68449
2744,2744_test,18.927843
2745,2745_test,9.426432
2746,2746_test,14.555117
2747,2747_test,6.1017027
2748,2748_test,11.094296
2749,2749_test,15.447924
2750,2750_test,74.52688
2751,2751_test,10.3834
2752,2752_test,17.677715
2753,2753_test,14.911967
2754,2754_test,10.3834
2755,2755_test,9.009172
2756,2756_test,9.847442
2757,2757_test,9.966141
2758,2758_test,-0.30045596
2759,2759_test,6.5951085
2760,2760_test,10.3834
2761,2761_test,17.970877
2762,2762_test,4.5149245
2763,2763_test,9.009172
2764,2764_test,36.703327
2765,2765_test,44.635387
2766,2766_test,10.3834
2767,2767_test,257.4556
2768,2768_test,8.5176735
2769,2769_test,18.783007
2770,2770_test,10.3834
2771,2771_test,15.447924
2772,2772_test,9.289592
2773,2773_test,15.447924
2774,2774_test,11.094296
2775,2775_test,6.474153
2776,2776_test,18.927843
2777,2777_test,10.3834
2778,2778_test,10.3834
2779,2779_test,15.0840845
2780,2780_test,10.3834
2781,2781_test,26.200924
2782,2782_test,36.703327
2783,2783_test,9.966141
2784,2784_test,12.180849
2785,2785_test,31.151417
2786,2786_test,14.490955
2787,2787_test,10.3834
2788,2788_test,9.966141
2789,2789_test,10.3834
2790,2790_test,15.057377
2791,2791_test,15.030664
2792,2792_test,10.3834
2793,2793_test,25.409819
2794,2794_test,9.966141
2795,2795_test,15.030664
2796,2796_test,5.928029
2797,2797_test,18.927843
2798,2798_test,23.739521
2799,2799_test,10.639585
2800,2800_test,10.3834
2801,2801_test,9.966141
2802,2802_test,10.3834
2803,2803_test,10.3834
2804,2804_test,186.90521
2805,2805_test,5.2171307
2806,2806_test,12.180849
2807,2807_test,18.927843
2808,2808_test,30.31263
2809,2809_test,13.137817
2810,2810_test,10.3834
2811,2811_test,35.82732
2812,2812_test,82.95421
2813,2813_test,14.666825
2814,2814_test,15.0840845
2815,2815_test,44.635387
2816,2816_test,14.666825
2817,2817_test,18.927843
2818,2818_test,21.544626
2819,2819_test,16.598642
2820,2820_test,11.094296
2821,2821_test,64.93965
2822,2822_test,15.0840845
2823,2823_test,14.490955
2824,2824_test,9.720069
2825,2825_test,19.823656
2826,2826_test,10.3834
2827,2827_test,18.927843
2828,2828_test,12.180849
2829,2829_test,6.884995
2830,2830_test,10.639585
2831,2831_test,9.474642
2832,2832_test,11.094296
2833,2833_test,34.301212
2834,2834_test,15.030664
2835,2835_test,39.49216
2836,2836_test,4.799872
2837,2837_test,17.555609
2838,2838_test,6.1740966
2839,2839_test,9.009172
2840,2840_test,9.009172
2841,2841_test,117.62576
2842,2842_test,15.030664
2843,2843_test,58.22081
2844,2844_test,13.981048
2845,2845_test,13.981048
2846,2846_test,29.871975
2847,2847_test,18.927843
2848,2848_test,10.639585
2849,2849_test,38.535194
2850,2850_test,28.716389
2851,2851_test,144.84865
2852,2852_test,10.639585
2853,2853_test,18.927843
2854,2854_test,17.970877
2855,2855_test,8.819288
2856,2856_test,13.137817
2857,2857_test,18.927843
2858,2858_test,5.756838
2859,2859_test,23.180027
2860,2860_test,367.94128
2861,2861_test,19.496107
2862,2862_test,5.6381426
2863,2863_test,6.3029637
2864,2864_test,9.009172
2865,2865_test,146.16405
2866,2866_test,10.317873
2867,2867_test,10.80441
2868,2868_test,12.180849
2869,2869_test,8.5176735
2870,2870_test,10.3834
2871,2871_test,15.0840845
2872,2872_test,15.0840845
2873,2873_test,10.3834
2874,2874_test,9.474642
2875,2875_test,8.819288
2876,2876_test,199.96077
2877,2877_test,106.972015
2878,2878_test,9.966141
2879,2879_test,9.966141
2880,2880_test,9.426432
2881,2881_test,10.80441
2882,2882_test,183.33905
2883,2883_test,161.19829
2884,2884_test,10.639585
2885,2885_test,10.3834
2886,2886_test,23.180027
2887,2887_test,10.137328
2888,2888_test,10.3834
2889,2889_test,18.33511
2890,2890_test,26.200924
2891,2891_test,18.927843
2892,2892_test,9.966141
2893,2893_test,59.181515
2894,2894_test,18.927843
2895,2895_test,10.137328
2896,2896_test,90.53354
2897,2897_test,10.3834
2898,2898_test,15.030664
2899,2899_test,192.58507
2900,2900_test,12.180849
2901,2901_test,53.204887
2902,2902_test,14.490955
2903,2903_test,45.92868
2904,2904_test,14.666825
2905,2905_test,10.3834
2906,2906_test,15.030664
2907,2907_test,9.966141
2908,2908_test,18.927843
2909,2909_test,132.49278
2910,2910_test,5.345998
2911,2911_test,14.666825
2912,2912_test,10.639585
2913,2913_test,9.966141
2914,2914_test,15.852118
2915,2915_test,23.180027
2916,2916_test,12.461268
2917,2917_test,129.63835
2918,2918_test,14.666825
2919,2919_test,156.3544
2920,2920_test,13.137817
2921,2921_test,10.3834
2922,2922_test,9.009172
2923,2923_test,26.098045
2924,2924_test,10.3834
2925,2925_test,14.490955
2926,2926_test,9.966141
2927,2927_test,10.3834
2928,2928_test,15.447924
2929,2929_test,10.3834
2930,2930_test,10.3834
2931,2931_test,6.7202225
2932,2932_test,14.911967
2933,2933_test,5.2171307
2934,2934_test,10.3834
2935,2935_test,9.426432
2936,2936_test,9.847442
2937,2937_test,8.303214
2938,2938_test,39.49216
2939,2939_test,58.849766
2940,2940_test,9.847442
2941,2941_test,14.666825
2942,2942_test,14.490955
2943,2943_test,11.094296
2944,2944_test,18.217422
2945,2945_test,10.3834
2946,2946_test,10.3834
2947,2947_test,17.970877
2948,2948_test,10.3834
2949,2949_test,9.009172
2950,2950_test,90.53354
2951,2951_test,10.3834
2952,2952_test,13.137817
2953,2953_test,58.22081
2954,2954_test,15.257181
2955,2955_test,22.22306
2956,2956_test,16.847658
2957,2957_test,15.447924
2958,2958_test,12.180849
2959,2959_test,13.981048
2960,2960_test,44.08653
2961,2961_test,9.966141
2962,2962_test,10.3834
2963,2963_test,230.5577
2964,2964_test,9.847442
2965,2965_test,15.0840845
2966,2966_test,5.756838
2967,2967_test,39.49216
2968,2968_test,22.816187
2969,2969_test,13.572937
2970,2970_test,21.917385
2971,2971_test,10.3834
2972,2972_test,15.0840845
2973,2973_test,10.3834
2974,2974_test,15.447924
2975,2975_test,20.979107
2976,2976_test,9.966141
2977,2977_test,18.927843
2978,2978_test,7.642967
2979,2979_test,15.0840845
2980,2980_test,10.80441
2981,2981_test,22.816187
2982,2982_test,9.966141
2983,2983_test,41.465855
2984,2984_test,14.490955
2985,2985_test,10.3834
2986,2986_test,14.666825
2987,2987_test,9.966141
2988,2988_test,10.3834
2989,2989_test,9.426432
2990,2990_test,106.972015
2991,2991_test,14.073696
2992,2992_test,28.767855
2993,2993_test,9.426432
2994,2994_test,10.3834
2995,2995_test,9.966141
2996,2996_test,40.165604
2997,2997_test,18.927843
2998,2998_test,12.575792
2999,2999_test,13.981048
3000,3000_test,10.3834
3001,3001_test,9.847442
3002,3002_test,158.0043
3003,3003_test,5.6381426
3004,3004_test,87.895805
3005,3005_test,9.847442
3006,3006_test,9.009172
3007,3007_test,9.966141
3008,3008_test,137.06696
3009,3009_test,116.980545
3010,3010_test,22.816187
3011,3011_test,14.490955
3012,3012_test,10.639585
3013,3013_test,14.555117
3014,3014_test,10.80441
3015,3015_test,9.426432
3016,3016_test,9.716318
3017,3017_test,9.966141
3018,3018_test,25.409819
3019,3019_test,539.885
3020,3020_test,9.966141
3021,3021_test,6.3029637
3022,3022_test,5.928029
3023,3023_test,10.3834
3024,3024_test,9.966141
3025,3025_test,32.039047
3026,3026_test,9.009172
3027,3027_test,22.816187
3028,3028_test,8.303214
3029,3029_test,25.454185
3030,3030_test,6.9463596
3031,3031_test,17.970877
3032,3032_test,9.966141
3033,3033_test,5.6381426
3034,3034_test,102.94832
3035,3035_test,15.447924
3036,3036_test,14.666825
3037,3037_test,69.89374
3038,3038_test,18.927843
3039,3039_test,9.966141
3040,3040_test,9.009172
3041,3041_test,17.970877
3042,3042_test,9.966141
3043,3043_test,9.966141
3044,3044_test,10.3834
3045,3045_test,9.966141
3046,3046_test,27.15789
3047,3047_test,10.3834
3048,3048_test,49.59011
3049,3049_test,15.0840845
3050,3050_test,29.401209
3051,3051_test,9.009172
3052,3052_test,20.795889
3053,3053_test,12.180849
3054,3054_test,14.490955
3055,3055_test,13.981048
3056,3056_test,9.426432
3057,3057_test,7.642967
3058,3058_test,17.555609
3059,3059_test,25.11437
3060,3060_test,15.447924
3061,3061_test,17.48747
3062,3062_test,11.689577
3063,3063_test,131.50893
3064,3064_test,11.155659
3065,3065_test,13.137817
3066,3066_test,20.069073
3067,3067_test,61.031586
3068,3068_test,9.790823
3069,3069_test,10.3834
3070,3070_test,153.26167
3071,3071_test,88.57235
3072,3072_test,18.927843
3073,3073_test,9.966141
3074,3074_test,9.009172
3075,3075_test,5.928029
3076,3076_test,9.966141
3077,3077_test,18.927843
3078,3078_test,10.3834
3079,3079_test,10.137328
3080,3080_test,39.49216
3081,3081_test,18.927843
3082,3082_test,9.966141
3083,3083_test,10.3834
3084,3084_test,10.3834
3085,3085_test,9.014111
3086,3086_test,10.3834
3087,3087_test,29.04979
3088,3088_test,44.611618
3089,3089_test,5.2171307
3090,3090_test,22.816187
3091,3091_test,9.014111
3092,3092_test,6.1740966
3093,3093_test,24.157404
3094,3094_test,10.3834
3095,3095_test,11.094296
3096,3096_test,17.970877
3097,3097_test,9.966141
3098,3098_test,11.094296
3099,3099_test,12.658791
3100,3100_test,256.5817
3101,3101_test,10.3834
3102,3102_test,10.80441
3103,3103_test,8.303214
3104,3104_test,10.3834
3105,3105_test,6.1740966
3106,3106_test,10.3834
3107,3107_test,9.426432
3108,3108_test,18.927843
3109,3109_test,9.633621
3110,3110_test,9.966141
3111,3111_test,9.240298
3112,3112_test,27.15789
3113,3113_test,44.378414
3114,3114_test,21.908466
3115,3115_test,9.009172
3116,3116_test,8.593101
3117,3117_test,15.512085
3118,3118_test,9.966141
3119,3119_test,21.019651
3120,3120_test,22.816187
3121,3121_test,9.474642
3122,3122_test,9.184755
3123,3123_test,22.816187
3124,3124_test,17.970877
3125,3125_test,19.421917
3126,3126_test,9.009172
3127,3127_test,6.7202225
3128,3128_test,14.666825
3129,3129_test,10.320606
3130,3130_test,10.3834
3131,3131_test,9.966141
3132,3132_test,9.009172
3133,3133_test,10.3834
3134,3134_test,8.310049
3135,3135_test,14.073696
3136,3136_test,15.030664
3137,3137_test,9.426432
3138,3138_test,14.666825
3139,3139_test,15.057377
3140,3140_test,18.927843
3141,3141_test,9.966141
3142,3142_test,9.426432
3143,3143_test,15.0840845
3144,3144_test,15.030664
3145,3145_test,18.153513
3146,3146_test,9.966141
3147,3147_test,36.703327
3148,3148_test,9.009172
3149,3149_test,10.3834
3150,3150_test,7.8859553
3151,3151_test,22.816187
3152,3152_test,9.474642
3153,3153_test,6.474153
3154,3154_test,15.505095
3155,3155_test,13.572937
3156,3156_test,29.04979
3157,3157_test,7.981285
3158,3158_test,18.927843
3159,3159_test,33.44014
3160,3160_test,38.68239
3161,3161_test,9.426432
3162,3162_test,18.927843
3163,3163_test,17.970877
3164,3164_test,12.658791
3165,3165_test,23.180027
3166,3166_test,15.505095
3167,3167_test,10.3834
3168,3168_test,14.666825
3169,3169_test,22.816187
3170,3170_test,13.137817
3171,3171_test,11.094296
3172,3172_test,15.447924
3173,3173_test,14.666825
3174,3174_test,18.927843
3175,3175_test,4.0939126
3176,3176_test,10.3834
3177,3177_test,18.927843
3178,3178_test,15.0840845
3179,3179_test,14.666825
3180,3180_test,9.426432
3181,3181_test,25.454185
3182,3182_test,22.800758
3183,3183_test,9.474642
3184,3184_test,11.094296
3185,3185_test,18.927843
3186,3186_test,8.896104
3187,3187_test,18.541185
3188,3188_test,9.847442
3189,3189_test,59.409252
3190,3190_test,105.48993
3191,3191_test,10.3834
3192,3192_test,14.073696
3193,3193_test,6.976409
3194,3194_test,40.48888
3195,3195_test,18.927843
3196,3196_test,14.666825
3197,3197_test,5.756838
3198,3198_test,15.030664
3199,3199_test,10.3834
3200,3200_test,363.79474
3201,3201_test,10.3834
3202,3202_test,12.180849
3203,3203_test,9.966141
3204,3204_test,18.927843
3205,3205_test,171.31737
3206,3206_test,14.555117
3207,3207_test,13.225507
3208,3208_test,9.966141
3209,3209_test,19.583399
3210,3210_test,10.3834
3211,3211_test,9.009172
3212,3212_test,14.666825
3213,3213_test,9.830624
3214,3214_test,15.030664
3215,3215_test,10.137328
3216,3216_test,18.752369
3217,3217_test,14.490955
3218,3218_test,10.3834
3219,3219_test,10.3834
3220,3220_test,15.0840845
3221,3221_test,18.927843
3222,3222_test,67.190674
3223,3223_test,18.927843
3224,3224_test,15.030664
3225,3225_test,15.0840845
3226,3226_test,9.966141
3227,3227_test,15.057377
3228,3228_test,10.3834
3229,3229_test,18.927843
3230,3230_test,10.3834
3231,3231_test,14.895149
3232,3232_test,9.009172
3233,3233_test,250.3532
3234,3234_test,6.7202225
3235,3235_test,14.666825
3236,3236_test,53.204887
3237,3237_test,15.447924
3238,3238_test,6.884995
3239,3239_test,18.927843
3240,3240_test,12.180849
3241,3241_test,9.966141
3242,3242_test,18.927843
3243,3243_test,18.927843
3244,3244_test,5.6381426
3245,3245_test,13.431899
3246,3246_test,13.225507
3247,3247_test,13.981048
3248,3248_test,10.3834
3249,3249_test,20.795889
3250,3250_test,17.713175
3251,3251_test,15.868936
3252,3252_test,14.073073
3253,3253_test,6.463984
3254,3254_test,6.3029637
3255,3255_test,10.3834
3256,3256_test,15.447924
3257,3257_test,5.756838
3258,3258_test,18.927843
3259,3259_test,9.009172
3260,3260_test,11.094296
3261,3261_test,48.167747
3262,3262_test,11.094296
3263,3263_test,18.927843
3264,3264_test,15.447924
3265,3265_test,11.094296
3266,3266_test,17.363733
3267,3267_test,13.981048
3268,3268_test,154.94937
3269,3269_test,10.3834
3270,3270_test,200.21025
3271,3271_test,14.073696
3272,3272_test,125.79667
3273,3273_test,7.141233
3274,3274_test,10.3834
3275,3275_test,10.3834
3276,3276_test,20.795889
3277,3277_test,15.030664
3278,3278_test,9.966141
3279,3279_test,10.3834
3280,3280_test,8.599936
3281,3281_test,18.927843
3282,3282_test,9.009172
3283,3283_test,5.756838
3284,3284_test,57.005512
3285,3285_test,18.927843
3286,3286_test,9.009172
3287,3287_test,22.816187
3288,3288_test,13.160616
3289,3289_test,18.927843
3290,3290_test,10.137328
3291,3291_test,9.426432
3292,3292_test,186.99019
3293,3293_test,10.3834
3294,3294_test,15.447924
3295,3295_test,58.22081
3296,3296_test,15.0840845
3297,3297_test,9.426432
3298,3298_test,22.816187
3299,3299_test,12.658791
3300,3300_test,14.666825
3301,3301_test,38.016407
3302,3302_test,119.726845
3303,3303_test,6.1017027
3304,3304_test,9.426432
3305,3305_test,9.966141
3306,3306_test,15.030664
3307,3307_test,9.966141
3308,3308_test,12.180849
3309,3309_test,9.009172
3310,3310_test,9.474642
3311,3311_test,10.639585
3312,3312_test,12.449719
3313,3313_test,15.447924
3314,3314_test,9.966141
3315,3315_test,192.35454
3316,3316_test,12.180849
3317,3317_test,6.1740966
3318,3318_test,10.3834
3319,3319_test,18.927843
3320,3320_test,4.6400385
3321,3321_test,9.562332
3322,3322_test,45.60205
3323,3323_test,10.3834
3324,3324_test,9.009172
3325,3325_test,18.927843
3326,3326_test,29.431309
3327,3327_test,17.970877
3328,3328_test,15.505095
3329,3329_test,143.50128
3330,3330_test,8.819288
3331,3331_test,38.535194
3332,3332_test,14.490955
3333,3333_test,15.0840845
3334,3334_test,57.536743
3335,3335_test,9.009172
3336,3336_test,12.180849
3337,3337_test,18.927843
3338,3338_test,137.9737
3339,3339_test,10.3834
3340,3340_test,8.303214
3341,3341_test,12.211953
3342,3342_test,9.966141
3343,3343_test,18.927843
3344,3344_test,40.821552
3345,3345_test,9.426432
3346,3346_test,9.474642
3347,3347_test,15.264672
3348,3348_test,12.180849
3349,3349_test,9.474642
3350,3350_test,5.345998
3351,3351_test,10.320606
3352,3352_test,5.345998
3353,3353_test,11.155659
3354,3354_test,9.966141
3355,3355_test,9.009172
3356,3356_test,22.816187
3357,3357_test,10.3834
3358,3358_test,11.689577
3359,3359_test,59.181515
3360,3360_test,13.981048
3361,3361_test,22.816187
3362,3362_test,15.030664
3363,3363_test,18.927843
3364,3364_test,10.3834
3365,3365_test,20.795889
3366,3366_test,17.970877
3367,3367_test,34.94414
3368,3368_test,18.927843
3369,3369_test,15.0840845
3370,3370_test,15.447924
3371,3371_test,14.666825
3372,3372_test,9.426432
3373,3373_test,5.756838
3374,3374_test,63.42416
3375,3375_test,10.3834
3376,3376_test,7.4924836
3377,3377_test,8.724224
3378,3378_test,478.50122
3379,3379_test,13.350607
3380,3380_test,216.95383
3381,3381_test,11.094296
3382,3382_test,5.350935
3383,3383_test,6.7202225
3384,3384_test,22.816187
3385,3385_test,11.094296
3386,3386_test,19.583399
3387,3387_test,12.180849
3388,3388_test,14.666825
3389,3389_test,18.927843
3390,3390_test,10.3834
3391,3391_test,40.48888
3392,3392_test,65.45626
3393,3393_test,10.3834
3394,3394_test,7.8859553
3395,3395_test,22.816187
3396,3396_test,22.816187
3397,3397_test,10.3834
3398,3398_test,40.48888
3399,3399_test,12.180849
3400,3400_test,10.3834
3401,3401_test,15.447924
3402,3402_test,11.689577
3403,3403_test,5.7632565
3404,3404_test,10.3834
3405,3405_test,21.476791
3406,3406_test,9.966141
3407,3407_test,12.180849
3408,3408_test,15.447924
3409,3409_test,49.093555
3410,3410_test,9.009172
3411,3411_test,21.019651
3412,3412_test,21.771502
3413,3413_test,10.137328
3414,3414_test,10.3834
3415,3415_test,18.927843
3416,3416_test,12.180849
3417,3417_test,9.966141
3418,3418_test,18.927843
3419,3419_test,14.666825
3420,3420_test,10.3834
3421,3421_test,10.80441
3422,3422_test,17.970877
3423,3423_test,15.868936
3424,3424_test,15.0840845
3425,3425_test,10.3834
3426,3426_test,9.966141
3427,3427_test,9.966141
3428,3428_test,23.180027
3429,3429_test,15.447924
3430,3430_test,17.970877
3431,3431_test,10.677037
3432,3432_test,9.474642
3433,3433_test,9.966141
3434,3434_test,9.966141
3435,3435_test,7.8859553
3436,3436_test,4.4017425
3437,3437_test,10.3834
3438,3438_test,4.799872
3439,3439_test,18.927843
3440,3440_test,16.105621
3441,3441_test,10.3834
3442,3442_test,9.014111
3443,3443_test,53.622772
3444,3444_test,8.599936
3445,3445_test,22.816187
3446,3446_test,11.689577
3447,3447_test,18.927843
3448,3448_test,14.666825
3449,3449_test,15.0840845
3450,3450_test,14.666825
3451,3451_test,14.666825
3452,3452_test,9.966141
3453,3453_test,10.3834
3454,3454_test,18.927843
3455,3455_test,16.59788
3456,3456_test,35.82732
3457,3457_test,10.137328
3458,3458_test,138.64297
3459,3459_test,5.345998
3460,3460_test,8.819288
3461,3461_test,11.094296
3462,3462_test,9.847442
3463,3463_test,10.3834
3464,3464_test,164.37097
3465,3465_test,15.613223
3466,3466_test,10.3834
3467,3467_test,16.847658
3468,3468_test,14.666825
3469,3469_test,10.639585
3470,3470_test,6.7202225
3471,3471_test,12.180849
3472,3472_test,9.426432
3473,3473_test,35.41006
3474,3474_test,8.303214
3475,3475_test,10.3834
3476,3476_test,9.009172
3477,3477_test,18.681732
3478,3478_test,11.094296
3479,3479_test,10.3834
3480,3480_test,18.927843
3481,3481_test,8.928518
3482,3482_test,40.07162
3483,3483_test,8.303214
3484,3484_test,10.3834
3485,3485_test,5.345998
3486,3486_test,14.666825
3487,3487_test,13.7615795
3488,3488_test,13.137817
3489,3489_test,9.966141
3490,3490_test,10.3834
3491,3491_test,4.5149245
3492,3492_test,17.970877
3493,3493_test,10.3834
3494,3494_test,18.927843
3495,3495_test,44.47662
3496,3496_test,13.225507
3497,3497_test,22.816187
3498,3498_test,9.009172
3499,3499_test,9.966141
3500,3500_test,9.503247
3501,3501_test,9.426432
3502,3502_test,9.966141
3503,3503_test,12.180849
3504,3504_test,9.009172
3505,3505_test,17.970877
3506,3506_test,15.0840845
3507,3507_test,14.666825
3508,3508_test,35.86901
3509,3509_test,18.927843
3510,3510_test,10.3834
3511,3511_test,9.426432
3512,3512_test,18.927843
3513,3513_test,10.3834
3514,3514_test,300.8706
3515,3515_test,9.966141
3516,3516_test,9.966141
3517,3517_test,8.303214
3518,3518_test,10.3834
3519,3519_test,17.970877
3520,3520_test,66.94632
3521,3521_test,14.073696
3522,3522_test,15.0840845
3523,3523_test,10.639585
3524,3524_test,18.33511
3525,3525_test,14.490955
3526,3526_test,10.3834
3527,3527_test,10.3834
3528,3528_test,10.137328
3529,3529_test,18.927843
3530,3530_test,10.317873
3531,3531_test,15.512085
3532,3532_test,157.29268
3533,3533_test,9.966141
3534,3534_test,69.89374
3535,3535_test,17.555609
3536,3536_test,10.677037
3537,3537_test,9.426432
3538,3538_test,16.847658
3539,3539_test,9.966141
3540,3540_test,45.92868
3541,3541_test,22.816187
3542,3542_test,18.927843
3543,3543_test,15.030664
3544,3544_test,26.200924
3545,3545_test,18.927843
3546,3546_test,13.981048
3547,3547_test,10.3834
3548,3548_test,10.3834
3549,3549_test,9.633621
3550,3550_test,6.474153
3551,3551_test,10.3834
3552,3552_test,17.914099
3553,3553_test,13.137817
3554,3554_test,31.082085
3555,3555_test,31.641459
3556,3556_test,9.009172
3557,3557_test,19.823656
3558,3558_test,9.009172
3559,3559_test,336.6829
3560,3560_test,4.5149245
3561,3561_test,11.094296
3562,3562_test,15.030664
3563,3563_test,10.3834
3564,3564_test,35.74636
3565,3565_test,5.345998
3566,3566_test,9.966141
3567,3567_test,22.816187
3568,3568_test,10.3834
3569,3569_test,19.947239
3570,3570_test,9.426432
3571,3571_test,10.3834
3572,3572_test,36.703327
3573,3573_test,5.2171307
3574,3574_test,9.966141
3575,3575_test,17.555609
3576,3576_test,15.030664
3577,3577_test,6.7202225
3578,3578_test,10.3834
3579,3579_test,8.402029
3580,3580_test,13.225507
3581,3581_test,8.819288
3582,3582_test,302.88675
3583,3583_test,5.2171307
3584,3584_test,9.966141
3585,3585_test,17.970877
3586,3586_test,10.3834
3587,3587_test,6.3029637
3588,3588_test,18.927843
3589,3589_test,17.82604
3590,3590_test,10.3834
3591,3591_test,15.0840845
3592,3592_test,10.3834
3593,3593_test,34.94414
3594,3594_test,15.030664
3595,3595_test,19.42168
3596,3596_test,18.927843
3597,3597_test,9.966141
3598,3598_test,18.927843
3599,3599_test,10.3834
3600,3600_test,23.180027
3601,3601_test,6.1740966
3602,3602_test,10.3834
3603,3603_test,12.180849
3604,3604_test,12.61319
3605,3605_test,6.5951085
3606,3606_test,6.3029637
3607,3607_test,18.927843
3608,3608_test,58.22081
3609,3609_test,9.966141
3610,3610_test,10.3834
3611,3611_test,15.030664
3612,3612_test,18.927843
3613,3613_test,10.137328
3614,3614_test,13.137817
3615,3615_test,9.847442
3616,3616_test,10.137328
3617,3617_test,9.966141
3618,3618_test,6.1017027
3619,3619_test,10.3834
3620,3620_test,47.745598
3621,3621_test,9.966141
3622,3622_test,27.15789
3623,3623_test,14.666825
3624,3624_test,5.2171307
3625,3625_test,23.180027
3626,3626_test,15.0840845
3627,3627_test,9.426432
3628,3628_test,6.884995
3629,3629_test,9.966141
3630,3630_test,9.966141
3631,3631_test,18.927843
3632,3632_test,9.966141
3633,3633_test,17.677715
3634,3634_test,15.447924
3635,3635_test,18.33511
3636,3636_test,61.495068
3637,3637_test,15.0840845
3638,3638_test,9.966141
3639,3639_test,10.3834
3640,3640_test,44.43112
3641,3641_test,10.80441
3642,3642_test,9.426432
3643,3643_test,9.966141
3644,3644_test,14.718548
3645,3645_test,14.3541155
3646,3646_test,61.44804
3647,3647_test,39.49216
3648,3648_test,11.094296
3649,3649_test,10.3834
3650,3650_test,10.3834
3651,3651_test,17.555609
3652,3652_test,102.94832
3653,3653_test,18.235744
3654,3654_test,10.3834
3655,3655_test,14.666825
3656,3656_test,8.303214
3657,3657_test,36.703327
3658,3658_test,7.4311204
3659,3659_test,192.56216
3660,3660_test,117.900185
3661,3661_test,22.816187
3662,3662_test,12.180849
3663,3663_test,38.016407
3664,3664_test,29.983637
3665,3665_test,39.49216
3666,3666_test,8.928518
3667,3667_test,26.098045
3668,3668_test,15.0840845
3669,3669_test,13.137817
3670,3670_test,12.619942
